{
  "evaluation": {
    "roc_auc": 0.8206376271816622
  },
  "losses": [
    0.6817921996116638,
    0.6774349212646484,
    0.6727516055107117,
    0.668840765953064,
    0.6645050048828125,
    0.6565716862678528,
    0.6528123617172241,
    0.647803008556366,
    0.6457467079162598,
    0.6349625587463379,
    0.641052782535553,
    0.6321333050727844,
    0.6382458209991455,
    0.6317307353019714,
    0.6404363512992859,
    0.6338555216789246,
    0.6331158876419067,
    0.6248070001602173,
    0.627379834651947,
    0.6226882934570312,
    0.6172999143600464,
    0.6264445781707764,
    0.6135833859443665,
    0.6191138029098511,
    0.6119949817657471,
    0.6106429100036621,
    0.6048184633255005,
    0.6012405157089233,
    0.6057369709014893,
    0.6019865274429321,
    0.5962427854537964,
    0.6026523113250732,
    0.5970303416252136,
    0.5892248153686523,
    0.5882552266120911,
    0.5922272801399231,
    0.5942084193229675,
    0.5883252620697021,
    0.5811464786529541,
    0.5786466002464294,
    0.5776058435440063,
    0.5763883590698242,
    0.5718420147895813,
    0.5744273066520691,
    0.5729070901870728,
    0.5754470229148865,
    0.5585172176361084,
    0.5677967071533203,
    0.5709682703018188,
    0.5671477317810059,
    0.5657700300216675,
    0.5671218633651733,
    0.5551642179489136,
    0.5624174475669861,
    0.5665409564971924,
    0.5494532585144043,
    0.5604808330535889,
    0.557490348815918,
    0.5474556684494019,
    0.5646337866783142,
    0.5513750910758972,
    0.5547360181808472,
    0.5484989881515503,
    0.5531657338142395,
    0.5433535575866699,
    0.5607761740684509,
    0.5429590344429016,
    0.5447666645050049,
    0.5498328804969788,
    0.5366889834403992,
    0.5489009618759155,
    0.5376620888710022,
    0.544478714466095,
    0.5383305549621582,
    0.5347034335136414,
    0.5422391295433044,
    0.5483577847480774,
    0.5403364300727844,
    0.5379207134246826,
    0.5368057489395142,
    0.5360877513885498,
    0.5385205745697021,
    0.5352610945701599,
    0.5327603816986084,
    0.532095193862915,
    0.5454999804496765,
    0.5387352705001831,
    0.5387983918190002,
    0.5298919081687927,
    0.524442732334137,
    0.5233741402626038,
    0.5281028747558594,
    0.5270548462867737,
    0.5311932563781738,
    0.5380597114562988,
    0.5349893569946289,
    0.5356767177581787,
    0.5306642651557922,
    0.5264520645141602,
    0.5298874974250793,
    0.5311189293861389,
    0.5276113748550415,
    0.5188754200935364,
    0.5144237875938416,
    0.5269484519958496,
    0.533750593662262,
    0.5319852232933044,
    0.5251390933990479,
    0.5283710360527039,
    0.5222897529602051,
    0.5205945372581482,
    0.5203315019607544,
    0.5199041962623596,
    0.521476149559021,
    0.5249549746513367,
    0.5152032375335693,
    0.5239664316177368,
    0.5226730108261108,
    0.5210715532302856,
    0.5212324857711792,
    0.5175790190696716,
    0.5235944986343384,
    0.510386049747467,
    0.5201322436332703,
    0.5041160583496094,
    0.5023539066314697,
    0.5153771638870239,
    0.5238544940948486,
    0.5195404291152954,
    0.5126357674598694,
    0.5225266218185425,
    0.5173025131225586,
    0.5222809910774231,
    0.5132507681846619,
    0.5106445550918579,
    0.5066561102867126,
    0.5034293532371521,
    0.513195812702179,
    0.5066307783126831,
    0.5121264457702637,
    0.5101690292358398,
    0.5126183032989502,
    0.512263834476471,
    0.5021477937698364,
    0.5096327066421509,
    0.5147456526756287,
    0.5089013576507568,
    0.5136873126029968,
    0.5056641697883606,
    0.5141057968139648,
    0.5029296875,
    0.5033525824546814,
    0.4960663318634033,
    0.5007924437522888,
    0.5006597638130188,
    0.5002967715263367,
    0.5111333727836609,
    0.49466651678085327,
    0.5035104751586914,
    0.49468597769737244,
    0.5004587173461914,
    0.5065754055976868,
    0.5003218054771423,
    0.49409642815589905,
    0.49778783321380615,
    0.508376955986023,
    0.49359625577926636,
    0.5064927339553833,
    0.4983379542827606,
    0.50153648853302,
    0.49212446808815,
    0.49291443824768066,
    0.490395188331604,
    0.500954270362854,
    0.5017744898796082,
    0.4942561686038971,
    0.48548203706741333,
    0.5012145042419434,
    0.4993387758731842,
    0.49210336804389954,
    0.48922795057296753,
    0.48553138971328735,
    0.4926990270614624,
    0.48958420753479004,
    0.48000097274780273,
    0.5017780065536499,
    0.4920043647289276,
    0.5006842613220215,
    0.49642354249954224,
    0.4952612519264221,
    0.4921777546405792,
    0.47637274861335754,
    0.4817161560058594,
    0.48856672644615173,
    0.4950870871543884,
    0.4946258068084717,
    0.48557955026626587,
    0.4865713119506836,
    0.4933457374572754,
    0.4875359535217285,
    0.4740683436393738,
    0.4793934226036072,
    0.47919827699661255,
    0.4988289773464203,
    0.4910508990287781,
    0.4756372570991516,
    0.47660893201828003,
    0.4752159118652344,
    0.48237061500549316,
    0.4860101640224457,
    0.4724322557449341,
    0.47925835847854614,
    0.48661303520202637,
    0.4899871349334717,
    0.4890700578689575,
    0.49107182025909424,
    0.479462206363678,
    0.48382994532585144,
    0.47802212834358215,
    0.4821462333202362,
    0.4708556830883026,
    0.47580620646476746,
    0.47742390632629395,
    0.49733102321624756,
    0.4778827726840973,
    0.47239580750465393,
    0.4738525152206421,
    0.4692782461643219,
    0.47532522678375244,
    0.4769463837146759,
    0.4832536578178406,
    0.47319185733795166,
    0.4756350517272949,
    0.4750353991985321,
    0.47193384170532227,
    0.4729749858379364,
    0.4776507616043091,
    0.48118385672569275,
    0.47351768612861633,
    0.4741206467151642,
    0.47085854411125183,
    0.46889570355415344,
    0.46878644824028015,
    0.4693928360939026,
    0.46701955795288086,
    0.4716576337814331,
    0.4677967429161072,
    0.4700235426425934,
    0.479905366897583,
    0.4784621298313141,
    0.47591128945350647,
    0.47333207726478577,
    0.4723844528198242,
    0.4756064713001251,
    0.4694131314754486,
    0.45941126346588135,
    0.45922204852104187,
    0.46583542227745056,
    0.4720778465270996,
    0.46775203943252563,
    0.47068750858306885,
    0.4656062424182892,
    0.4624842405319214,
    0.4654843807220459,
    0.4663393497467041,
    0.46842122077941895,
    0.4633789360523224,
    0.48248884081840515,
    0.4627956449985504,
    0.4707614779472351,
    0.4575863778591156,
    0.4671253263950348,
    0.46628260612487793,
    0.47064217925071716,
    0.4677366316318512,
    0.4708452522754669,
    0.4671439230442047,
    0.45746150612831116,
    0.4722951352596283,
    0.45870688557624817,
    0.4576796293258667,
    0.468082070350647,
    0.4662042558193207,
    0.45275673270225525,
    0.46398916840553284,
    0.4664291441440582,
    0.46506842970848083,
    0.45554205775260925,
    0.4555819034576416,
    0.46262815594673157,
    0.4504980742931366,
    0.46692007780075073,
    0.4596293270587921,
    0.4530404210090637,
    0.4681043326854706,
    0.46441465616226196,
    0.4576917886734009,
    0.45799991488456726,
    0.4633199870586395,
    0.45664143562316895,
    0.45898789167404175,
    0.44949421286582947,
    0.4617319405078888,
    0.46297717094421387,
    0.45611485838890076,
    0.4575347304344177,
    0.4525091350078583,
    0.44928500056266785,
    0.45535269379615784,
    0.458653062582016,
    0.4566720128059387,
    0.44764649868011475,
    0.46685653924942017,
    0.46090033650398254,
    0.4593721032142639,
    0.44878965616226196,
    0.44778865575790405,
    0.453765332698822,
    0.4508127272129059,
    0.451673686504364,
    0.45824992656707764,
    0.4542352855205536,
    0.450824499130249,
    0.4566299319267273,
    0.45770448446273804,
    0.4396103620529175,
    0.45433902740478516,
    0.45239749550819397,
