{
  "evaluation": {
    "roc_auc": 0.8139187761476707
  },
  "losses": [
    0.6937468647956848,
    0.6871172189712524,
    0.681309700012207,
    0.6753197908401489,
    0.6705181002616882,
    0.6667312979698181,
    0.6624182462692261,
    0.6554264426231384,
    0.6516534090042114,
    0.648961067199707,
    0.6485198736190796,
    0.6412467956542969,
    0.6402953267097473,
    0.6367560029029846,
    0.6350588202476501,
    0.6393221616744995,
    0.6359028816223145,
    0.6316306591033936,
    0.637832760810852,
    0.6432967185974121,
    0.6279951333999634,
    0.6286345720291138,
    0.6296690702438354,
    0.629225492477417,
    0.62911456823349,
    0.6249873638153076,
    0.6240363121032715,
    0.6265936493873596,
    0.6244943141937256,
    0.6218826770782471,
    0.6137024164199829,
    0.6170024871826172,
    0.616844117641449,
    0.6159758567810059,
    0.6100821495056152,
    0.6123532056808472,
    0.6061611771583557,
    0.6071317195892334,
    0.6083279848098755,
    0.6088610887527466,
    0.601776659488678,
    0.6003808975219727,
    0.6027747392654419,
    0.5949455499649048,
    0.5937614440917969,
    0.5914677381515503,
    0.5876263380050659,
    0.5859397053718567,
    0.5898163914680481,
    0.590074896812439,
    0.5810701251029968,
    0.5842889547348022,
    0.575888991355896,
    0.5740312337875366,
    0.5713199973106384,
    0.5815341472625732,
    0.5753657817840576,
    0.5680373907089233,
    0.5662378072738647,
    0.5646417140960693,
    0.5668010115623474,
    0.568635106086731,
    0.5720502734184265,
    0.5688996911048889,
    0.5598104000091553,
    0.5600395798683167,
    0.5618353486061096,
    0.5635433197021484,
    0.5559860467910767,
    0.5588301420211792,
    0.5610162019729614,
    0.5561434030532837,
    0.5622637271881104,
    0.5544906854629517,
    0.5477287769317627,
    0.5446733236312866,
    0.5532335638999939,
    0.5473676919937134,
    0.5518419146537781,
    0.5509262681007385,
    0.5648294687271118,
    0.5535115003585815,
    0.544276773929596,
    0.544455349445343,
    0.5446126461029053,
    0.5299692153930664,
    0.5532543659210205,
    0.5457369089126587,
    0.5468692183494568,
    0.5411700010299683,
    0.544815182685852,
    0.5366231203079224,
    0.5459205508232117,
    0.5374438166618347,
    0.541527509689331,
    0.5509183406829834,
    0.541110098361969,
    0.545155942440033,
    0.532741129398346,
    0.5348987579345703,
    0.5433551669120789,
    0.5422418117523193,
    0.530764639377594,
    0.525814414024353,
    0.533079981803894,
    0.5403167009353638,
    0.5321343541145325,
    0.5295860767364502,
    0.5414646863937378,
    0.5391020774841309,
    0.5339967608451843,
    0.5258464217185974,
    0.5343533754348755,
    0.5309706926345825,
    0.5423055291175842,
    0.5239246487617493,
    0.5275381803512573,
    0.5364130735397339,
    0.5284624099731445,
    0.5226243138313293,
    0.525871992111206,
    0.5235511660575867,
    0.5334322452545166,
    0.5244470238685608,
    0.5216677188873291,
    0.5162478685379028,
    0.525611937046051,
    0.5340890884399414,
    0.5293381810188293,
    0.5280925035476685,
    0.5320759415626526,
    0.5242969989776611,
    0.5194386839866638,
    0.5130012035369873,
    0.5176713466644287,
    0.5232617855072021,
    0.5345386862754822,
    0.5276668071746826,
    0.525161862373352,
    0.5198080539703369,
    0.5258918404579163,
    0.5218862295150757,
    0.5224224925041199,
    0.5240339040756226,
    0.5294527411460876,
    0.5149028301239014,
    0.5148240923881531,
    0.5196525454521179,
    0.5194097757339478,
    0.5263540148735046,
    0.5100387334823608,
    0.5269320011138916,
    0.5146893262863159,
    0.5118172764778137,
    0.5122374892234802,
    0.5245232582092285,
    0.5020387768745422,
    0.5209412574768066,
    0.514863133430481,
    0.5202576518058777,
    0.5090014934539795,
    0.5117433071136475,
    0.5166200995445251,
    0.5129951238632202,
    0.5088838338851929,
    0.5155171155929565,
    0.5197407007217407,
    0.5182610750198364,
    0.5080177783966064,
    0.5079996585845947,
    0.5069225430488586,
    0.5177270770072937,
    0.5078504085540771,
    0.5034375190734863,
    0.5156311988830566,
    0.5045302510261536,
    0.5024417638778687,
    0.5017836689949036,
    0.5149178504943848,
    0.508471667766571,
    0.496273010969162,
    0.5109451413154602,
    0.4985106587409973,
    0.5008037686347961,
    0.508249044418335,
    0.5085572600364685,
    0.49262291193008423,
    0.5096355080604553,
    0.5070986151695251,
    0.49877989292144775,
    0.5049117803573608,
    0.5065579414367676,
    0.5074617862701416,
    0.5047439932823181,
    0.49616125226020813,
    0.5014430284500122,
    0.4991832971572876,
    0.5016800761222839,
    0.5023915767669678,
    0.4997463822364807,
    0.49091148376464844,
    0.49899226427078247,
    0.5034134387969971,
    0.4913928210735321,
    0.502812922000885,
    0.49190378189086914,
    0.501340925693512,
    0.4974260628223419,
    0.4957702159881592,
    0.4838794469833374,
    0.49503999948501587,
    0.4855036735534668,
    0.4930611550807953,
    0.5009703040122986,
    0.49083054065704346,
    0.4991995394229889,
    0.49509456753730774,
    0.4907073974609375,
    0.49169042706489563,
    0.47916507720947266,
    0.4909416437149048,
    0.49923595786094666,
    0.4865647256374359,
    0.49106672406196594,
    0.48897480964660645,
    0.4920446276664734,
    0.48506268858909607,
    0.4885934293270111,
    0.4920690059661865,
    0.48591622710227966,
    0.4878852963447571,
    0.4947454333305359,
    0.48374080657958984,
    0.47828060388565063,
    0.481216162443161,
    0.4893878698348999,
    0.4926780164241791,
    0.4867425560951233,
    0.4920344054698944,
    0.48569589853286743,
    0.47570863366127014,
    0.4850284457206726,
    0.4779774844646454,
    0.47454726696014404,
    0.47784820199012756,
    0.4815848171710968,
    0.4892697036266327,
    0.4856295883655548,
    0.4838731586933136,
    0.4752638041973114,
    0.4883851706981659,
    0.4860415756702423,
    0.46714240312576294,
    0.47405144572257996,
    0.47644174098968506,
    0.4819193482398987,
    0.4737425744533539,
    0.4809320867061615,
    0.4808391034603119,
    0.4831926226615906,
    0.4776318669319153,
    0.4849587082862854,
    0.47832706570625305,
    0.4962356984615326,
    0.47849687933921814,
    0.4818154573440552,
    0.47429513931274414,
    0.4739891290664673,
    0.4675043821334839,
    0.46655818819999695,
    0.47719213366508484,
    0.46606314182281494,
    0.48001304268836975,
    0.48406344652175903,
    0.47916126251220703,
    0.4805819094181061,
    0.485090434551239,
    0.47880420088768005,
    0.4737403690814972,
    0.46816638112068176,
    0.4665031135082245,
    0.46797841787338257,
    0.4678538143634796,
    0.4773361086845398,
    0.4675874412059784,
    0.47018614411354065,
    0.46939343214035034,
    0.4805613160133362,
    0.45936596393585205,
    0.4672180116176605,
    0.4639473259449005,
    0.47423797845840454,
    0.47227761149406433,
    0.4776459336280823,
    0.47143951058387756,
    0.4629219174385071,
    0.4650615453720093,
    0.4836982786655426,
    0.4815549850463867,
    0.47623518109321594,
    0.4669775664806366,
    0.46142643690109253,
    0.4695322513580322,
    0.4655357897281647,
    0.46381789445877075,
    0.46521326899528503,
    0.4738169014453888,
    0.46378883719444275,
    0.4715440571308136,
    0.4747561812400818,
    0.46679577231407166,
    0.4669700562953949,
    0.46410083770751953,
    0.47483691573143005,
    0.46449384093284607,
    0.46189066767692566,
    0.465556800365448,
    0.46679362654685974,
    0.46563270688056946,
    0.4488849937915802,
    0.4588712751865387,
    0.45322999358177185,
    0.46966785192489624,
    0.4675480127334595,
    0.4568595290184021,
    0.4588213562965393,
    0.45578205585479736,
    0.4585084319114685,
    0.4743759036064148,
