{
  "evaluation": {
    "roc_auc": 0.8128996050086579
  },
  "losses": [
    0.7130605578422546,
    0.7077807188034058,
    0.7030075788497925,
    0.6991835832595825,
    0.6968580484390259,
    0.6938091516494751,
    0.6887288689613342,
    0.6860270500183105,
    0.6838316321372986,
    0.6763602495193481,
    0.670795738697052,
    0.665966272354126,
    0.6612814664840698,
    0.6585429310798645,
    0.6589856743812561,
    0.6535495519638062,
    0.6504611372947693,
    0.6390849351882935,
    0.6487077474594116,
    0.6417871117591858,
    0.6499612331390381,
    0.6397686004638672,
    0.6424400806427002,
    0.6502367258071899,
    0.6422451734542847,
    0.6330296993255615,
    0.6451569199562073,
    0.6379814743995667,
    0.6264039278030396,
    0.6240803599357605,
    0.628744900226593,
    0.6308741569519043,
    0.6246030926704407,
    0.6209271550178528,
    0.6286490559577942,
    0.6209663152694702,
    0.6210455298423767,
    0.6146100759506226,
    0.6186167001724243,
    0.6152962446212769,
    0.614818811416626,
    0.6078364849090576,
    0.6057725548744202,
    0.5914208889007568,
    0.6004940271377563,
    0.603977620601654,
    0.6031507253646851,
    0.5927376747131348,
    0.5890144109725952,
    0.5930703282356262,
    0.5891579985618591,
    0.5939397811889648,
    0.5858808755874634,
    0.5792468786239624,
    0.5860387682914734,
    0.5729791522026062,
    0.5796276926994324,
    0.5757020711898804,
    0.5751889944076538,
    0.5888372659683228,
    0.5717604160308838,
    0.578541100025177,
    0.570024847984314,
    0.5760009288787842,
    0.5685286521911621,
    0.5619638562202454,
    0.5736040472984314,
    0.5682996511459351,
    0.570189356803894,
    0.5620981454849243,
    0.5648146867752075,
    0.5638132095336914,
    0.5542142987251282,
    0.5565699338912964,
    0.5662091374397278,
    0.5624898076057434,
    0.5574621558189392,
    0.5636270046234131,
    0.5496792793273926,
    0.5485832095146179,
    0.5490066409111023,
    0.5537793040275574,
    0.5574276447296143,
    0.55912184715271,
    0.556630551815033,
    0.5483713150024414,
    0.5514329075813293,
    0.5536503195762634,
    0.5428875684738159,
    0.5421318411827087,
    0.5514129400253296,
    0.5438441634178162,
    0.541901171207428,
    0.5572417378425598,
    0.5460930466651917,
    0.5332399010658264,
    0.5380869507789612,
    0.5414720773696899,
    0.546893835067749,
    0.5478550791740417,
    0.5461854934692383,
    0.5418623685836792,
    0.5409871935844421,
    0.5407086610794067,
    0.5363143682479858,
    0.5371425747871399,
    0.5340839624404907,
    0.5404366254806519,
    0.5312873721122742,
    0.5301743745803833,
    0.5405354499816895,
    0.5302630066871643,
    0.5365262627601624,
    0.5287636518478394,
    0.5444519519805908,
    0.5339223146438599,
    0.5328769087791443,
    0.5335075259208679,
    0.5266942977905273,
    0.5370569229125977,
    0.5297552943229675,
    0.536162257194519,
    0.5289326310157776,
    0.5238804817199707,
    0.5272507667541504,
    0.5171040892601013,
    0.5308303236961365,
    0.5293095111846924,
    0.5271739363670349,
    0.5160474181175232,
    0.526422917842865,
    0.5284183621406555,
    0.5258013010025024,
    0.5154063105583191,
    0.5222576260566711,
    0.5273514986038208,
    0.5148266553878784,
    0.5162646770477295,
    0.5180715322494507,
    0.5177839398384094,
    0.5210407972335815,
    0.5246205925941467,
    0.5148603916168213,
    0.5201324820518494,
    0.5146804451942444,
    0.5197889804840088,
    0.5169424414634705,
    0.5176709890365601,
    0.5083814859390259,
    0.5224915742874146,
    0.524433970451355,
    0.5072829723358154,
    0.4994736909866333,
    0.5139234066009521,
    0.5141971111297607,
    0.5117037296295166,
    0.5093837380409241,
    0.5177592635154724,
    0.49947094917297363,
    0.5201363563537598,
    0.510290265083313,
    0.5133033990859985,
    0.5033218860626221,
    0.5101295709609985,
    0.5074999928474426,
    0.5129420161247253,
    0.4988550841808319,
    0.4997142255306244,
    0.5065430402755737,
    0.5061773657798767,
    0.5047755241394043,
    0.4964827001094818,
    0.5075638890266418,
    0.5006402134895325,
    0.5014926195144653,
    0.5071378946304321,
    0.49656474590301514,
    0.49870970845222473,
    0.4979383945465088,
    0.5033327341079712,
    0.4988154470920563,
    0.4966868460178375,
    0.5062215328216553,
    0.4951130747795105,
    0.49589934945106506,
    0.4972309172153473,
    0.4938058853149414,
    0.5021688938140869,
    0.4956856369972229,
    0.498989999294281,
    0.4927423894405365,
    0.49960044026374817,
    0.48605501651763916,
    0.49736854434013367,
    0.490911066532135,
    0.49035805463790894,
    0.485332190990448,
    0.500793993473053,
    0.4852692186832428,
    0.5048971176147461,
    0.4958614408969879,
    0.4857736825942993,
    0.48994821310043335,
    0.4995391368865967,
    0.4948428273200989,
    0.49269360303878784,
    0.4917762875556946,
    0.49000734090805054,
    0.488145112991333,
    0.4846688210964203,
    0.4939281940460205,
    0.48358452320098877,
    0.48726946115493774,
    0.48547232151031494,
    0.48705095052719116,
    0.4954342544078827,
    0.49105384945869446,
    0.4799761176109314,
    0.489282488822937,
    0.48029205203056335,
    0.4773254990577698,
    0.4861030876636505,
    0.4896630346775055,
    0.4910220205783844,
    0.4839220643043518,
    0.48203974962234497,
    0.47864601016044617,
    0.4857000410556793,
    0.4754825234413147,
    0.4807029664516449,
    0.4741983413696289,
    0.4840606153011322,
    0.4826864004135132,
    0.4727947413921356,
    0.4841988980770111,
    0.47327348589897156,
    0.4798346161842346,
    0.48166123032569885,
    0.4848925769329071,
    0.47976386547088623,
    0.47742122411727905,
    0.4721337556838989,
    0.4850676655769348,
    0.47154873609542847,
    0.47641056776046753,
    0.4661792516708374,
    0.48408764600753784,
    0.46922141313552856,
    0.4709186851978302,
    0.4804718494415283,
    0.4881458282470703,
    0.46359601616859436,
    0.4710039794445038,
    0.47636303305625916,
    0.4717387557029724,
    0.45910340547561646,
    0.4768095910549164,
    0.48459991812705994,
    0.4788327217102051,
    0.4724985957145691,
    0.4704829156398773,
    0.4705893397331238,
    0.4789452850818634,
    0.4708672761917114,
    0.47665563225746155,
    0.48546281456947327,
    0.4676709473133087,
    0.46518880128860474,
    0.4608471095561981,
    0.470708429813385,
    0.46919822692871094,
    0.4683382213115692,
    0.46206358075141907,
    0.4718223810195923,
    0.4629044830799103,
    0.4681306481361389,
    0.47125738859176636,
    0.46227654814720154,
    0.46421337127685547,
    0.45771661400794983,
    0.4654388427734375,
    0.47428297996520996,
    0.471670001745224,
    0.47177428007125854,
    0.46575209498405457,
    0.4646139144897461,
    0.4608552157878876,
    0.4604286551475525,
    0.46679067611694336,
    0.45248663425445557,
    0.460391104221344,
    0.4656597971916199,
    0.46563342213630676,
    0.47601017355918884,
    0.4603413939476013,
    0.46436160802841187,
    0.46867382526397705,
    0.447413831949234,
    0.4609503448009491,
    0.4545176923274994,
    0.4503801167011261,
    0.4625522792339325,
    0.4557611346244812,
    0.45525306463241577,
    0.45315176248550415,
    0.4633762836456299,
    0.464442640542984,
    0.46543216705322266,
    0.459316611289978,
    0.45892223715782166,
    0.45821189880371094,
    0.4717123210430145,
    0.45966482162475586,
    0.4568929672241211,
    0.45508432388305664,
    0.4547222852706909,
    0.4551703631877899,
    0.45540815591812134,
    0.46455469727516174,
    0.4495563507080078,
    0.45419350266456604,
    0.4609050750732422,
    0.46315985918045044,
    0.4527009427547455,
    0.44445616006851196,
    0.4596307575702667,
    0.44857364892959595,
    0.4520075023174286,
