{
  "evaluation": {
    "roc_auc": 0.8227459497579135
  },
  "losses": [
    0.670343816280365,
    0.6641706228256226,
    0.656913161277771,
    0.6553972959518433,
    0.6487439274787903,
    0.6469188928604126,
    0.6406950354576111,
    0.6362980008125305,
    0.6335780620574951,
    0.6306000351905823,
    0.6282244920730591,
    0.6312004923820496,
    0.627073347568512,
    0.6293042302131653,
    0.625575065612793,
    0.6220301985740662,
    0.6131188869476318,
    0.6133456826210022,
    0.6119444370269775,
    0.6172376275062561,
    0.6072419285774231,
    0.6052711009979248,
    0.6093125343322754,
    0.6005120277404785,
    0.5990608334541321,
    0.5953489542007446,
    0.5930441617965698,
    0.5957096815109253,
    0.5962894558906555,
    0.5963262319564819,
    0.5888506174087524,
    0.5919302105903625,
    0.5863399505615234,
    0.5856284499168396,
    0.5776190161705017,
    0.5833486318588257,
    0.5729912519454956,
    0.5823026895523071,
    0.5879814028739929,
    0.5690647959709167,
    0.5682055950164795,
    0.5683152079582214,
    0.5702551603317261,
    0.5655872225761414,
    0.5617261528968811,
    0.5704329013824463,
    0.5801336169242859,
    0.5642685294151306,
    0.5557208061218262,
    0.5505020022392273,
    0.567268967628479,
    0.5615703463554382,
    0.5635877847671509,
    0.5587465167045593,
    0.5523780584335327,
    0.548168957233429,
    0.551801323890686,
    0.5616615414619446,
    0.5518696308135986,
    0.5583925247192383,
    0.5475202798843384,
    0.5421696901321411,
    0.5422284007072449,
    0.5580316185951233,
    0.5437966585159302,
    0.5495520234107971,
    0.5463652610778809,
    0.5363212823867798,
    0.5359012484550476,
    0.5390596985816956,
    0.5438565015792847,
    0.5460172295570374,
    0.5389665365219116,
    0.5417249202728271,
    0.5417788028717041,
    0.5270628333091736,
    0.5441875457763672,
    0.5432063937187195,
    0.5418365001678467,
    0.5274003148078918,
    0.5279650688171387,
    0.5328085422515869,
    0.5313001275062561,
    0.5329334139823914,
    0.5384896397590637,
    0.5354315638542175,
    0.5303568840026855,
    0.5208866596221924,
    0.5342522859573364,
    0.5368921756744385,
    0.5236706733703613,
    0.5254162549972534,
    0.5279354453086853,
    0.5250716209411621,
    0.5225620865821838,
    0.5383610129356384,
    0.5159814357757568,
    0.5361225008964539,
    0.5265048146247864,
    0.5333589315414429,
    0.5291749238967896,
    0.5165292620658875,
    0.5263169407844543,
    0.5264583230018616,
    0.5189730525016785,
    0.5225512385368347,
    0.5193564295768738,
    0.5063458681106567,
    0.5175600647926331,
    0.5201231837272644,
    0.5220129489898682,
    0.507988452911377,
    0.5184997320175171,
    0.5211033821105957,
    0.5226712226867676,
    0.5185566544532776,
    0.5110339522361755,
    0.5135244727134705,
    0.5188568234443665,
    0.5127784609794617,
    0.520173192024231,
    0.5093037486076355,
    0.5140290260314941,
    0.5075584650039673,
    0.5218835473060608,
    0.5106932520866394,
    0.5181834697723389,
    0.5156963467597961,
    0.5131596326828003,
    0.5092615485191345,
    0.5003570318222046,
    0.5106571912765503,
    0.5081022381782532,
    0.5057551264762878,
    0.5095517635345459,
    0.5100626349449158,
    0.502312958240509,
    0.505831778049469,
    0.5091990828514099,
    0.5050608515739441,
    0.5035329461097717,
    0.5061459541320801,
    0.5127672553062439,
    0.5126264691352844,
    0.5030593872070312,
    0.5088174939155579,
    0.5166190266609192,
    0.4948418438434601,
    0.49310559034347534,
    0.49962833523750305,
    0.4951181411743164,
    0.501437246799469,
    0.5041440725326538,
    0.5074255466461182,
    0.5078639984130859,
    0.5099363327026367,
    0.4978145658969879,
    0.49292489886283875,
    0.5021673440933228,
    0.49638277292251587,
    0.49336737394332886,
    0.4922417998313904,
    0.4951334297657013,
    0.4987778067588806,
    0.5013203024864197,
    0.48970577120780945,
    0.503105878829956,
    0.5069363713264465,
    0.49741697311401367,
    0.4989219307899475,
    0.5071215629577637,
    0.4923088848590851,
    0.49438121914863586,
    0.4914448857307434,
    0.4867534935474396,
    0.4887825846672058,
    0.4976617693901062,
    0.49785247445106506,
    0.4963798522949219,
    0.48171940445899963,
    0.47951894998550415,
    0.48466938734054565,
    0.4962891638278961,
    0.49582424759864807,
    0.4910634458065033,
    0.4894852340221405,
    0.48771563172340393,
    0.48731452226638794,
    0.4960952401161194,
    0.4884774088859558,
    0.49288949370384216,
    0.4822104871273041,
    0.48627471923828125,
    0.48213881254196167,
    0.4767068922519684,
    0.48677846789360046,
    0.4826144576072693,
    0.48763778805732727,
    0.49729931354522705,
    0.493996262550354,
    0.48838210105895996,
    0.4817769527435303,
    0.4928966164588928,
    0.48144295811653137,
    0.48041027784347534,
    0.4829515516757965,
    0.48579928278923035,
    0.48459649085998535,
    0.48414215445518494,
    0.4853355586528778,
    0.48416393995285034,
    0.47470349073410034,
    0.48360690474510193,
    0.4848838150501251,
    0.4835766851902008,
    0.4775530695915222,
    0.4860990643501282,
    0.481789767742157,
    0.475807249546051,
    0.46719032526016235,
    0.4725474715232849,
    0.4847683906555176,
    0.48396801948547363,
    0.4822404384613037,
    0.481498658657074,
    0.47891440987586975,
    0.4719773530960083,
    0.4790402948856354,
    0.4862975478172302,
    0.4729004502296448,
    0.47898662090301514,
    0.4658508598804474,
    0.46538475155830383,
    0.48186194896698,
    0.4756779670715332,
    0.48428618907928467,
    0.4821477234363556,
    0.4759664535522461,
    0.47300565242767334,
    0.4825277030467987,
    0.48343366384506226,
    0.47624367475509644,
    0.47947588562965393,
    0.47098308801651,
    0.4724786877632141,
    0.4854971766471863,
    0.4658713638782501,
    0.4764315187931061,
    0.4567205011844635,
    0.4659411311149597,
    0.4707513153553009,
    0.4694616496562958,
    0.46229106187820435,
    0.4770794212818146,
    0.46269816160202026,
    0.4618357717990875,
    0.47461843490600586,
    0.4691867530345917,
    0.4753572344779968,
    0.4861850142478943,
    0.47577401995658875,
    0.45885083079338074,
    0.4675803780555725,
    0.47796007990837097,
    0.4699068069458008,
    0.46636292338371277,
    0.46951213479042053,
    0.4639112055301666,
    0.4677422344684601,
    0.46915048360824585,
    0.47315216064453125,
    0.46275466680526733,
    0.4650696814060211,
    0.46300068497657776,
    0.4715157747268677,
    0.46452659368515015,
    0.47344762086868286,
    0.4652940630912781,
    0.46875983476638794,
    0.456515908241272,
    0.46022671461105347,
    0.47537389397621155,
    0.465298056602478,
    0.45309174060821533,
    0.4589973986148834,
    0.46936023235321045,
    0.4696778357028961,
    0.46344444155693054,
    0.48012495040893555,
    0.45695701241493225,
    0.47009268403053284,
    0.45944398641586304,
    0.4652875065803528,
    0.46230337023735046,
    0.4591212868690491,
    0.458293080329895,
    0.45214831829071045,
    0.46104708313941956,
    0.4580170512199402,
    0.46284905076026917,
    0.45954787731170654,
    0.4630259871482849,
    0.4565037488937378,
    0.45908015966415405,
    0.46071571111679077,
    0.4573986232280731,
    0.4547336995601654,
    0.4624888598918915,
    0.4564126431941986,
    0.4534377455711365,
    0.4494369626045227,
    0.4578814208507538,
    0.4605447053909302,
    0.4489309787750244,
    0.4560057520866394,
    0.46080297231674194,
    0.45450037717819214,
    0.4398442506790161,
    0.4515693485736847,
    0.46840083599090576,
    0.45586222410202026,
    0.4636598825454712,
    0.46143558621406555,
    0.4603685736656189,
    0.44730690121650696,
    0.46607983112335205,
    0.46405860781669617,
