{
  "evaluation": {
    "roc_auc": 0.8210769279002268
  },
  "losses": [
    0.6712360382080078,
    0.6641426086425781,
    0.6603047847747803,
    0.6522698402404785,
    0.6497676372528076,
    0.6455033421516418,
    0.640846848487854,
    0.6385400295257568,
    0.6390112042427063,
    0.6373639106750488,
    0.6349025368690491,
    0.6296401619911194,
    0.6323233842849731,
    0.627921998500824,
    0.6244218349456787,
    0.6245068311691284,
    0.6155015230178833,
    0.6181886196136475,
    0.614804208278656,
    0.6127357482910156,
    0.6144384741783142,
    0.6044538617134094,
    0.5989212989807129,
    0.6079117059707642,
    0.6015046834945679,
    0.5993295907974243,
    0.5925596952438354,
    0.5924321413040161,
    0.5899151563644409,
    0.5831429958343506,
    0.5793122053146362,
    0.5869479179382324,
    0.5728279948234558,
    0.583258867263794,
    0.5910513401031494,
    0.5717334151268005,
    0.5772802829742432,
    0.5693435668945312,
    0.5749610662460327,
    0.5636102557182312,
    0.5760748386383057,
    0.5659400224685669,
    0.5681828260421753,
    0.5714305639266968,
    0.5669357180595398,
    0.5667750835418701,
    0.5635218620300293,
    0.5577215552330017,
    0.5650219321250916,
    0.5498199462890625,
    0.5661921501159668,
    0.5664905309677124,
    0.5605931282043457,
    0.5636573433876038,
    0.5517803430557251,
    0.5503261089324951,
    0.5499590635299683,
    0.5442579984664917,
    0.5542488694190979,
    0.5493432879447937,
    0.5472406148910522,
    0.5516166687011719,
    0.5449410676956177,
    0.5479138493537903,
    0.545261025428772,
    0.5380362868309021,
    0.543691098690033,
    0.5448886752128601,
    0.542656660079956,
    0.5412755608558655,
    0.5477144122123718,
    0.5417655110359192,
    0.5295591354370117,
    0.5374159812927246,
    0.5380023121833801,
    0.5327119827270508,
    0.5361285209655762,
    0.545773983001709,
    0.5498730540275574,
    0.5346024036407471,
    0.5320738554000854,
    0.5233283042907715,
    0.5281127095222473,
    0.5329307913780212,
    0.5326550006866455,
    0.5389552116394043,
    0.5213112831115723,
    0.5350350737571716,
    0.5353531837463379,
    0.5350623726844788,
    0.5283341407775879,
    0.534633219242096,
    0.5309151411056519,
    0.5215911865234375,
    0.5212088823318481,
    0.5341562628746033,
    0.5319423675537109,
    0.5239289999008179,
    0.5234866142272949,
    0.5285794734954834,
    0.5339879989624023,
    0.521706759929657,
    0.5168673992156982,
    0.52153080701828,
    0.5206514000892639,
    0.5120478272438049,
    0.5209616422653198,
    0.5245027542114258,
    0.5186648964881897,
    0.5109349489212036,
    0.5262581706047058,
    0.5277597308158875,
    0.5115455985069275,
    0.5238627195358276,
    0.5139484405517578,
    0.5132506489753723,
    0.5175039768218994,
    0.5098395943641663,
    0.5227313041687012,
    0.5041628479957581,
    0.5187637805938721,
    0.5029005408287048,
    0.5196957588195801,
    0.5165295600891113,
    0.5157885551452637,
    0.5106520652770996,
    0.5070836544036865,
    0.5041157603263855,
    0.510289192199707,
    0.5119752287864685,
    0.5084289312362671,
    0.5011705160140991,
    0.5058479309082031,
    0.5077173709869385,
    0.5106089115142822,
    0.5081827044487,
    0.5116699934005737,
    0.4968630075454712,
    0.49828338623046875,
    0.5020303130149841,
    0.5041691660881042,
    0.5003904700279236,
    0.4968968629837036,
    0.5179485082626343,
    0.4939258098602295,
    0.5038731098175049,
    0.4936849772930145,
    0.49845361709594727,
    0.5045624375343323,
    0.504543662071228,
    0.5008554458618164,
    0.4974089562892914,
    0.5004156231880188,
    0.4925321340560913,
    0.49682924151420593,
    0.4838186204433441,
    0.49820178747177124,
    0.4840044677257538,
    0.48536282777786255,
    0.49119997024536133,
    0.49285903573036194,
    0.49871402978897095,
    0.49296554923057556,
    0.49207380414009094,
    0.49479618668556213,
    0.4931628406047821,
    0.4930078685283661,
    0.4787907600402832,
    0.48557350039482117,
    0.48709654808044434,
    0.48714083433151245,
    0.4743092656135559,
    0.4916553199291229,
    0.49445924162864685,
    0.4986627399921417,
    0.4876249432563782,
    0.47781285643577576,
    0.4953024983406067,
    0.4862906336784363,
    0.4868089258670807,
    0.473812073469162,
    0.4858323335647583,
    0.48443716764450073,
    0.489644855260849,
    0.47491562366485596,
    0.47881174087524414,
    0.4881249666213989,
    0.49205636978149414,
    0.4726462960243225,
    0.4865603744983673,
    0.47587156295776367,
    0.4820367097854614,
    0.4794769883155823,
    0.4700734615325928,
    0.48283132910728455,
    0.4823503792285919,
    0.4695929288864136,
    0.4860832095146179,
    0.4772951900959015,
    0.46695396304130554,
    0.48749715089797974,
    0.47287285327911377,
    0.4736157953739166,
    0.47937867045402527,
    0.4631252586841583,
    0.47914764285087585,
    0.477555513381958,
    0.47078001499176025,
    0.47613632678985596,
    0.4796372950077057,
    0.46653005480766296,
    0.47701364755630493,
    0.48047304153442383,
    0.46818700432777405,
    0.4665549695491791,
    0.46266061067581177,
    0.47324857115745544,
    0.46010416746139526,
    0.4693830609321594,
    0.4593411386013031,
    0.47146323323249817,
    0.458517462015152,
    0.4648755192756653,
    0.4691813588142395,
    0.4672921597957611,
    0.4676448702812195,
    0.4696856141090393,
    0.48644164204597473,
    0.4644927978515625,
    0.456062376499176,
    0.47401976585388184,
    0.4723092317581177,
    0.4658042788505554,
    0.4631408751010895,
    0.4775601327419281,
    0.45637035369873047,
    0.4642195701599121,
    0.45623326301574707,
    0.4523189961910248,
    0.4537801146507263,
    0.4512547254562378,
    0.4505779445171356,
    0.46153438091278076,
    0.46304190158843994,
    0.4649905860424042,
    0.46233147382736206,
    0.45969638228416443,
    0.4549925625324249,
    0.4607519209384918,
    0.45679470896720886,
    0.45801857113838196,
    0.45919379591941833,
    0.4505215585231781,
    0.457318514585495,
    0.45309436321258545,
    0.46492740511894226,
    0.44978827238082886,
    0.4575536251068115,
    0.4540165662765503,
    0.45233407616615295,
    0.45024895668029785,
    0.4528486430644989,
    0.4550364017486572,
    0.45315730571746826,
    0.4572831392288208,
    0.442110538482666,
    0.4566270112991333,
    0.4463237524032593,
    0.4407498240470886,
    0.4561251103878021,
    0.4556827247142792,
    0.4492483139038086,
    0.4482361376285553,
    0.4501346945762634,
    0.4503616392612457,
    0.45808014273643494,
    0.4483489692211151,
    0.44666483998298645,
    0.4540170431137085,
    0.4445496201515198,
    0.4519219994544983,
    0.4469890296459198,
    0.44635406136512756,
    0.44593870639801025,
    0.4482906758785248,
    0.44429945945739746,
    0.45385974645614624,
    0.4498647153377533,
    0.4495980441570282,
    0.44174450635910034,
    0.44414258003234863,
    0.43882620334625244,
    0.4424838423728943,
    0.448915034532547,
    0.4438154101371765,
    0.4510437548160553,
    0.4381183981895447,
    0.44694966077804565,
    0.44755324721336365,
    0.4503636658191681,
    0.4411976635456085,
    0.44642558693885803,
    0.4341554343700409,
    0.4441388249397278,
    0.4414445161819458,
    0.45091354846954346,
    0.4476161003112793,
    0.4420338273048401,
    0.4494856297969818,
    0.43753427267074585,
    0.43887796998023987,
    0.4273228049278259,
    0.43075793981552124,
    0.43050721287727356,
    0.4339805245399475,
    0.436591237783432,
    0.4479953646659851,
    0.44268959760665894,
    0.43364691734313965,
    0.43953269720077515,
    0.4329337775707245,
    0.44084635376930237,
    0.4389652609825134,
    0.45003265142440796,
    0.43523189425468445,
    0.4395352005958557,
    0.42962801456451416,
    0.42802780866622925,
