{
  "evaluation": {
    "roc_auc": 0.8112078637576176
  },
  "losses": [
    0.7674923539161682,
    0.751762866973877,
    0.7430129051208496,
    0.7307025194168091,
    0.7221379280090332,
    0.7146268486976624,
    0.7021034955978394,
    0.6951567530632019,
    0.6881086826324463,
    0.6782773733139038,
    0.6759228110313416,
    0.6683308482170105,
    0.6660665273666382,
    0.6598889827728271,
    0.6563716530799866,
    0.6517699956893921,
    0.6496561169624329,
    0.6549630165100098,
    0.6548738479614258,
    0.6577884554862976,
    0.6543272733688354,
    0.6470398902893066,
    0.6510741114616394,
    0.6484733819961548,
    0.640423595905304,
    0.6424212455749512,
    0.6521061062812805,
    0.6375925540924072,
    0.6378971934318542,
    0.6412965059280396,
    0.6339349746704102,
    0.6308162212371826,
    0.6372668743133545,
    0.6247565150260925,
    0.6343276500701904,
    0.6304967403411865,
    0.6282030940055847,
    0.6230679750442505,
    0.627988874912262,
    0.6181067228317261,
    0.6171671748161316,
    0.6198604106903076,
    0.6225776076316833,
    0.614216685295105,
    0.6099914908409119,
    0.6094521284103394,
    0.6133397817611694,
    0.610869824886322,
    0.6059489250183105,
    0.601678729057312,
    0.6058918833732605,
    0.5956473350524902,
    0.5874279141426086,
    0.6087104082107544,
    0.5893641710281372,
    0.5917370915412903,
    0.5925201773643494,
    0.5846143364906311,
    0.5911096930503845,
    0.5905701518058777,
    0.5825438499450684,
    0.5878503918647766,
    0.5758435130119324,
    0.574000895023346,
    0.5835962295532227,
    0.5720654726028442,
    0.5825599431991577,
    0.5700262188911438,
    0.5709553956985474,
    0.5775997042655945,
    0.5921026468276978,
    0.5777620077133179,
    0.5815428495407104,
    0.5672308802604675,
    0.5664759278297424,
    0.5658701658248901,
    0.5721908807754517,
    0.5686362385749817,
    0.5678354501724243,
    0.5631413459777832,
    0.5612289309501648,
    0.5565183162689209,
    0.5668312311172485,
    0.5603667497634888,
    0.5577383041381836,
    0.5612149834632874,
    0.5615200996398926,
    0.5586413145065308,
    0.5575789213180542,
    0.557852029800415,
    0.5474712252616882,
    0.5510316491127014,
    0.5470975041389465,
    0.5531423091888428,
    0.5550633668899536,
    0.5527714490890503,
    0.5426837801933289,
    0.5533504486083984,
    0.5554029941558838,
    0.5510514378547668,
    0.5564498901367188,
    0.5463764667510986,
    0.5487566590309143,
    0.5442872643470764,
    0.5445646643638611,
    0.5449561476707458,
    0.5430617928504944,
    0.5504559278488159,
    0.5467422604560852,
    0.5459867119789124,
    0.5388526916503906,
    0.5447949171066284,
    0.5409042239189148,
    0.5382033586502075,
    0.5404406189918518,
    0.5375568866729736,
    0.5402133464813232,
    0.543080747127533,
    0.5381486415863037,
    0.5438017249107361,
    0.5449546575546265,
    0.543062150478363,
    0.5370309948921204,
    0.5365617275238037,
    0.5387408137321472,
    0.5371844172477722,
    0.5447732210159302,
    0.5372200012207031,
    0.5342414379119873,
    0.5362918376922607,
    0.5274403095245361,
    0.5366295576095581,
    0.5380814671516418,
    0.5394887924194336,
    0.5305189490318298,
    0.5250572562217712,
    0.5259440541267395,
    0.5328094363212585,
    0.5284339189529419,
    0.5272867679595947,
    0.5374393463134766,
    0.5275667309761047,
    0.5293056964874268,
    0.5396925210952759,
    0.5344134569168091,
    0.5205820798873901,
    0.526403546333313,
    0.5212126970291138,
    0.5269523859024048,
    0.5218746066093445,
    0.5388654470443726,
    0.5295435786247253,
    0.531110942363739,
    0.5170656442642212,
    0.5363954305648804,
    0.5311779379844666,
    0.5179002285003662,
    0.5195688605308533,
    0.527566134929657,
    0.5341213941574097,
    0.522164523601532,
    0.5301459431648254,
    0.5192227363586426,
    0.522818922996521,
    0.5332841873168945,
    0.5207399129867554,
    0.521274209022522,
    0.5175788402557373,
    0.5291045904159546,
    0.50812166929245,
    0.5267421007156372,
    0.5222364664077759,
    0.5285587310791016,
    0.5091623663902283,
    0.5186116099357605,
    0.514305055141449,
    0.5249616503715515,
    0.5126270651817322,
    0.513711154460907,
    0.5167063474655151,
    0.518986701965332,
    0.5128524303436279,
    0.509901225566864,
    0.5229355692863464,
    0.5207088589668274,
    0.5219638347625732,
    0.5164719820022583,
    0.5140154361724854,
    0.517535388469696,
    0.5166255235671997,
    0.5124378800392151,
    0.5057967901229858,
    0.5035457611083984,
    0.5244432091712952,
    0.516883373260498,
    0.5091753602027893,
    0.5094897150993347,
    0.5087108016014099,
    0.5005972385406494,
    0.5096171498298645,
    0.5098888874053955,
    0.5123686194419861,
    0.5100345611572266,
    0.5124015808105469,
    0.5053345561027527,
    0.5117475986480713,
    0.5029065608978271,
    0.5074863433837891,
    0.5123739838600159,
    0.5085688829421997,
    0.5078171491622925,
    0.501245379447937,
    0.4968145191669464,
    0.5160061120986938,
    0.5024616718292236,
    0.5055913925170898,
    0.5066107511520386,
    0.5044893026351929,
    0.5131900310516357,
    0.499248206615448,
    0.5056392550468445,
    0.4989728033542633,
    0.4992460012435913,
    0.5192001461982727,
    0.491169810295105,
    0.5056804418563843,
    0.5096844434738159,
    0.5049991607666016,
    0.5003794431686401,
    0.5028720498085022,
    0.49943000078201294,
    0.4982146620750427,
    0.5108115077018738,
    0.49999791383743286,
    0.49270668625831604,
    0.49187135696411133,
    0.5026536583900452,
    0.49890759587287903,
    0.4986400604248047,
    0.5135473608970642,
    0.49361246824264526,
    0.5107929110527039,
    0.5067099928855896,
    0.4987097978591919,
    0.4862096607685089,
    0.49540087580680847,
    0.4957212805747986,
    0.4959065914154053,
    0.5045088529586792,
    0.4903895854949951,
    0.5026882290840149,
    0.49332454800605774,
    0.4908454418182373,
    0.4939095675945282,
    0.5055913925170898,
    0.4796288013458252,
    0.49373000860214233,
    0.49392780661582947,
    0.499443382024765,
    0.49446648359298706,
    0.4961850643157959,
    0.5001089572906494,
    0.4870334267616272,
    0.4956662952899933,
    0.48018109798431396,
    0.49121206998825073,
    0.5020847916603088,
    0.49494943022727966,
    0.48797425627708435,
    0.49848511815071106,
    0.487832248210907,
    0.49559181928634644,
    0.484842449426651,
    0.48518598079681396,
    0.49598434567451477,
    0.4924060106277466,
    0.47362756729125977,
    0.4896974563598633,
    0.486515074968338,
    0.4944612383842468,
    0.485287606716156,
    0.48388561606407166,
    0.4819149374961853,
    0.4888870418071747,
    0.5044674873352051,
    0.48661327362060547,
    0.49767130613327026,
    0.4786560833454132,
    0.48760318756103516,
    0.4832400381565094,
    0.48225662112236023,
    0.48301583528518677,
    0.4948667883872986,
    0.48654550313949585,
    0.4882154166698456,
    0.49724632501602173,
    0.4856616258621216,
    0.48527753353118896,
    0.4789908230304718,
    0.49194562435150146,
    0.4891788959503174,
    0.48231327533721924,
    0.4829690158367157,
    0.4852563738822937,
    0.4794122874736786,
    0.48713546991348267,
    0.48781469464302063,
    0.48618283867836,
    0.47880154848098755,
    0.487236350774765,
    0.4866577386856079,
    0.4840375781059265,
    0.48002374172210693,
    0.47282612323760986,
    0.47590160369873047,
    0.48174095153808594,
    0.47419148683547974,
    0.48635542392730713,
    0.4792468249797821,
    0.4815979599952698,
    0.48079806566238403,
    0.4930571913719177,
    0.49190574884414673,
    0.49413612484931946,
    0.47978198528289795,
    0.4872961640357971,
    0.4759424924850464,
    0.4762811064720154,
    0.4829444885253906,
