{
  "evaluation": {
    "roc_auc": 0.8180949739274879
  },
  "losses": [
    0.695406436920166,
    0.6887959837913513,
    0.6817177534103394,
    0.6737515926361084,
    0.6639701724052429,
    0.6594889163970947,
    0.6537193059921265,
    0.6516399383544922,
    0.6448585987091064,
    0.6433927416801453,
    0.639831006526947,
    0.6355711221694946,
    0.6354336738586426,
    0.6418533325195312,
    0.6354359984397888,
    0.6363862752914429,
    0.626611590385437,
    0.6218764185905457,
    0.6192805767059326,
    0.6130284667015076,
    0.6154646873474121,
    0.6067158579826355,
    0.6142748594284058,
    0.5993043780326843,
    0.5966432690620422,
    0.6042840480804443,
    0.592025876045227,
    0.5914484262466431,
    0.5971960425376892,
    0.5865613222122192,
    0.5875934362411499,
    0.5930770039558411,
    0.5840786695480347,
    0.5869566798210144,
    0.5763224363327026,
    0.5752036571502686,
    0.570839524269104,
    0.5761054158210754,
    0.5716500878334045,
    0.5651890635490417,
    0.5681265592575073,
    0.5680680871009827,
    0.5679068565368652,
    0.5737837553024292,
    0.5686532258987427,
    0.56203693151474,
    0.5624717473983765,
    0.5641573667526245,
    0.5558779239654541,
    0.5528261065483093,
    0.5517027974128723,
    0.5499513745307922,
    0.5586518049240112,
    0.5571395754814148,
    0.555560290813446,
    0.5568833947181702,
    0.5565675497055054,
    0.5479074716567993,
    0.5471268892288208,
    0.5538585186004639,
    0.5428630113601685,
    0.5381758809089661,
    0.5439602136611938,
    0.5395702719688416,
    0.5431293249130249,
    0.5446630120277405,
    0.5419520735740662,
    0.5471328496932983,
    0.5386174321174622,
    0.544185996055603,
    0.5432562828063965,
    0.5493696928024292,
    0.5260993242263794,
    0.5450795888900757,
    0.5428358912467957,
    0.5333608984947205,
    0.5330415368080139,
    0.5329685211181641,
    0.5311752557754517,
    0.5350959300994873,
    0.5367946028709412,
    0.533336877822876,
    0.5340210199356079,
    0.5214356780052185,
    0.5218690037727356,
    0.5278716683387756,
    0.5264773368835449,
    0.5332444906234741,
    0.5349560379981995,
    0.5249698162078857,
    0.5276480913162231,
    0.5297672748565674,
    0.5292746424674988,
    0.5265189409255981,
    0.5259782075881958,
    0.5281829833984375,
    0.5187429189682007,
    0.520419716835022,
    0.5230870842933655,
    0.5251526832580566,
    0.5220787525177002,
    0.5234084129333496,
    0.529042661190033,
    0.5299994945526123,
    0.5232570767402649,
    0.5142577886581421,
    0.5233188271522522,
    0.5137453079223633,
    0.5113505125045776,
    0.5225860476493835,
    0.5212511420249939,
    0.5191728472709656,
    0.518723726272583,
    0.5140472054481506,
    0.5154293775558472,
    0.5189881324768066,
    0.5199539065361023,
    0.5098832845687866,
    0.5095306634902954,
    0.5180012583732605,
    0.5064093470573425,
    0.5090348720550537,
    0.5186653733253479,
    0.5182130932807922,
    0.5198042988777161,
    0.5032371878623962,
    0.5010503530502319,
    0.5153382420539856,
    0.5116904377937317,
    0.5120688676834106,
    0.5036207437515259,
    0.4998864233493805,
    0.5131154656410217,
    0.5065693259239197,
    0.5058772563934326,
    0.5070143342018127,
    0.5072512030601501,
    0.5128803253173828,
    0.5143958330154419,
    0.5065275430679321,
    0.5034220814704895,
    0.4968917965888977,
    0.5043908953666687,
    0.5030936598777771,
    0.49728691577911377,
    0.5035863518714905,
    0.5070948600769043,
    0.5003466010093689,
    0.5003097057342529,
    0.49580255150794983,
    0.5007911324501038,
    0.5089511275291443,
    0.5020148158073425,
    0.4956441819667816,
    0.5064747929573059,
    0.5020018219947815,
    0.4943689703941345,
    0.4954211711883545,
    0.4931311011314392,
    0.49576476216316223,
    0.4951533377170563,
    0.5078621506690979,
    0.4832526445388794,
    0.4915882349014282,
    0.4964912235736847,
    0.4978841543197632,
    0.4948291778564453,
    0.5034297108650208,
    0.4880465269088745,
    0.48457154631614685,
    0.49179914593696594,
    0.4905230402946472,
    0.48344093561172485,
    0.4956001043319702,
    0.4943363666534424,
    0.49615010619163513,
    0.48666441440582275,
    0.49552494287490845,
    0.48743391036987305,
    0.47827988862991333,
    0.497683584690094,
    0.4898197650909424,
    0.4852999150753021,
    0.4926125407218933,
    0.4833618700504303,
    0.47887444496154785,
    0.4827980101108551,
    0.4947548806667328,
    0.4772821068763733,
    0.49202701449394226,
    0.4854794442653656,
    0.48242467641830444,
    0.4802793264389038,
    0.4862629473209381,
    0.47014883160591125,
    0.48801326751708984,
    0.4902574419975281,
    0.48563605546951294,
    0.47981008887290955,
    0.4818498492240906,
    0.4895360469818115,
    0.480707585811615,
    0.4681793451309204,
    0.4819950759410858,
    0.48572054505348206,
    0.4784214496612549,
    0.4786900281906128,
    0.48122191429138184,
    0.4857872426509857,
    0.467039555311203,
    0.48104560375213623,
    0.4759902060031891,
    0.486463725566864,
    0.4823182225227356,
    0.47158512473106384,
    0.460259348154068,
    0.4821772873401642,
    0.47224125266075134,
    0.46949025988578796,
    0.48341041803359985,
    0.4735070466995239,
    0.4813975393772125,
    0.4647986888885498,
    0.47080257534980774,
    0.467073529958725,
    0.4720582962036133,
    0.46505963802337646,
    0.4822629690170288,
    0.4795026183128357,
    0.4740867614746094,
    0.4703823924064636,
    0.4651515781879425,
    0.4745768904685974,
    0.4740704596042633,
    0.4593574106693268,
    0.47393715381622314,
    0.4640132188796997,
    0.47762200236320496,
    0.4765487313270569,
    0.4621530771255493,
    0.466113418340683,
    0.45922431349754333,
    0.46162447333335876,
    0.4745359718799591,
    0.46434286236763,
    0.4718213677406311,
    0.4624602198600769,
    0.47385019063949585,
    0.4699770510196686,
    0.46359366178512573,
    0.4617999196052551,
    0.463234543800354,
    0.47731417417526245,
    0.46158283948898315,
    0.4631967544555664,
    0.4618730843067169,
    0.4695556163787842,
    0.44750604033470154,
    0.465789794921875,
    0.45942404866218567,
    0.47196048498153687,
    0.47222819924354553,
    0.45509088039398193,
    0.45471635460853577,
    0.4687919616699219,
    0.46435150504112244,
    0.46311360597610474,
    0.45666974782943726,
    0.4631563425064087,
    0.46114858984947205,
    0.4627334475517273,
    0.4542987644672394,
    0.4608842134475708,
    0.4583141505718231,
    0.4594202935695648,
    0.4620814919471741,
    0.46050941944122314,
    0.4518240690231323,
    0.45002251863479614,
    0.4632317125797272,
    0.4648869037628174,
    0.4611856937408447,
    0.46583616733551025,
    0.4568965435028076,
    0.4520322382450104,
    0.46127983927726746,
    0.46733182668685913,
    0.4666520953178406,
    0.4473017454147339,
    0.46266451478004456,
    0.4522920250892639,
    0.45876261591911316,
    0.45694980025291443,
    0.46412503719329834,
    0.45633238554000854,
    0.4558040201663971,
    0.46121451258659363,
    0.4587271511554718,
    0.44962289929389954,
    0.4568261504173279,
    0.4679606556892395,
    0.4531777501106262,
    0.46009647846221924,
    0.4543265104293823,
    0.4456644654273987,
    0.4505394995212555,
    0.4466817378997803,
    0.4510364830493927,
    0.4514719247817993,
    0.45856502652168274,
    0.45279479026794434,
    0.4529052972793579,
    0.44999682903289795,
    0.4354934096336365,
    0.45122992992401123,
    0.45918720960617065,
    0.4609771966934204,
    0.45183542370796204,
    0.464432030916214,
    0.4436895251274109,
    0.45350953936576843,
    0.4489433467388153,
    0.4495949149131775,
    0.44066813588142395,
    0.4454337954521179,
    0.4403139054775238,
    0.45491138100624084,
    0.45150312781333923,
