{
  "evaluation": {
    "roc_auc": 0.8200672961794114
  },
  "losses": [
    0.7296968698501587,
    0.720011293888092,
    0.7156854867935181,
    0.7097103595733643,
    0.7051118016242981,
    0.7000302076339722,
    0.695125937461853,
    0.6897370219230652,
    0.6850261688232422,
    0.6805170774459839,
    0.675524115562439,
    0.6716201305389404,
    0.6664345860481262,
    0.664786696434021,
    0.6617387533187866,
    0.6528267860412598,
    0.650626540184021,
    0.6450678706169128,
    0.6462966799736023,
    0.6493335962295532,
    0.6418114304542542,
    0.6471211314201355,
    0.6401715874671936,
    0.6489899158477783,
    0.6421037316322327,
    0.636482834815979,
    0.6417779922485352,
    0.6385578513145447,
    0.6400217413902283,
    0.6298360824584961,
    0.62776118516922,
    0.6313879489898682,
    0.6221556663513184,
    0.6237843036651611,
    0.6198170781135559,
    0.6127620935440063,
    0.6162542700767517,
    0.6131818890571594,
    0.6062785983085632,
    0.609992504119873,
    0.6113231182098389,
    0.6070699691772461,
    0.604448676109314,
    0.607261061668396,
    0.5964681506156921,
    0.6012713313102722,
    0.6049097776412964,
    0.5973995923995972,
    0.5962856411933899,
    0.5891321897506714,
    0.5910322666168213,
    0.5805038809776306,
    0.5875338912010193,
    0.5822692513465881,
    0.5933965444564819,
    0.586044430732727,
    0.5747485756874084,
    0.5765718221664429,
    0.5720967054367065,
    0.5719473361968994,
    0.5803550481796265,
    0.574363648891449,
    0.5734447240829468,
    0.574679970741272,
    0.5675539970397949,
    0.566386342048645,
    0.5733809471130371,
    0.5721213221549988,
    0.5609897375106812,
    0.5580092668533325,
    0.5580565333366394,
    0.5560768842697144,
    0.5583294034004211,
    0.5542377233505249,
    0.5564115643501282,
    0.5623812675476074,
    0.5476830005645752,
    0.5498598217964172,
    0.5576915740966797,
    0.5570347905158997,
    0.555064857006073,
    0.5504343509674072,
    0.560197114944458,
    0.5617052912712097,
    0.5456971526145935,
    0.5490142107009888,
    0.5451293587684631,
    0.5477173328399658,
    0.5558857917785645,
    0.5392183065414429,
    0.5417977571487427,
    0.5409625768661499,
    0.5419077277183533,
    0.5493528246879578,
    0.5460963249206543,
    0.5443153381347656,
    0.5396966338157654,
    0.5446369647979736,
    0.5371235609054565,
    0.5433850288391113,
    0.5318127870559692,
    0.5321548581123352,
    0.5452079772949219,
    0.5413204431533813,
    0.5434059500694275,
    0.527926504611969,
    0.5339565277099609,
    0.5252367854118347,
    0.5320987105369568,
    0.5281181931495667,
    0.5344864130020142,
    0.5376580953598022,
    0.5253101587295532,
    0.5279138684272766,
    0.5366160869598389,
    0.54864901304245,
    0.5255782604217529,
    0.5305454730987549,
    0.5237836241722107,
    0.5310573577880859,
    0.5191211700439453,
    0.5319008231163025,
    0.5199578404426575,
    0.5197629928588867,
    0.5298070907592773,
    0.5271197557449341,
    0.533066987991333,
    0.5190159678459167,
    0.5169675350189209,
    0.523659884929657,
    0.522614061832428,
    0.5171525478363037,
    0.523196816444397,
    0.5197099447250366,
    0.5233660340309143,
    0.514987587928772,
    0.5197164416313171,
    0.5162329077720642,
    0.5085180997848511,
    0.521896481513977,
    0.5156952738761902,
    0.5258937478065491,
    0.5149935483932495,
    0.5229122638702393,
    0.5118436217308044,
    0.5088498592376709,
    0.5085456371307373,
    0.5185670852661133,
    0.5271024703979492,
    0.5179568529129028,
    0.5220178365707397,
    0.514873743057251,
    0.5123576521873474,
    0.5033513307571411,
    0.5138319730758667,
    0.5149371027946472,
    0.5151534676551819,
    0.5062848329544067,
    0.512042224407196,
    0.5097823143005371,
    0.5148359537124634,
    0.51373291015625,
    0.5164894461631775,
    0.5053024888038635,
    0.5062380433082581,
    0.5135917663574219,
    0.5061977505683899,
    0.5056934952735901,
    0.5078874826431274,
    0.5039888024330139,
    0.4969794750213623,
    0.5102579593658447,
    0.5091185569763184,
    0.5067336559295654,
    0.5033296942710876,
    0.5009915232658386,
    0.5140724778175354,
    0.5102231502532959,
    0.49903032183647156,
    0.5054864287376404,
    0.4953565001487732,
    0.5024031400680542,
    0.48964107036590576,
    0.5049026012420654,
    0.4969521164894104,
    0.5026867389678955,
    0.4996645450592041,
    0.5003138780593872,
    0.5053380131721497,
    0.5070661306381226,
    0.5026550889015198,
    0.5070624947547913,
    0.5040083527565002,
    0.5046846270561218,
    0.5010141134262085,
    0.48966163396835327,
    0.5011271834373474,
    0.48948925733566284,
    0.5102263689041138,
    0.48961541056632996,
    0.4955143928527832,
    0.488237589597702,
    0.49194812774658203,
    0.4954867362976074,
    0.4937530755996704,
    0.4985426962375641,
    0.4877903461456299,
    0.4897947311401367,
    0.4944177567958832,
    0.4954069256782532,
    0.48825421929359436,
    0.4939328134059906,
    0.5004111528396606,
    0.5013811588287354,
    0.48635074496269226,
    0.4948049485683441,
    0.49700501561164856,
    0.488669216632843,
    0.4814777374267578,
    0.4986986219882965,
    0.48062726855278015,
    0.49510085582733154,
    0.4932836592197418,
    0.4831080138683319,
    0.49689552187919617,
    0.4774198830127716,
    0.488822877407074,
    0.5026626586914062,
    0.4886440336704254,
    0.481561541557312,
    0.4909578561782837,
    0.47514331340789795,
    0.48113173246383667,
    0.4826841950416565,
    0.4894084334373474,
    0.4935620129108429,
    0.49038946628570557,
    0.49301984906196594,
    0.48903849720954895,
    0.4836641252040863,
    0.48801344633102417,
    0.48083245754241943,
    0.4877511262893677,
    0.48088380694389343,
    0.4823768436908722,
    0.4836950898170471,
    0.48390939831733704,
    0.48273661732673645,
    0.4827203154563904,
    0.4833713471889496,
    0.4810488820075989,
    0.48346906900405884,
    0.48035335540771484,
    0.4803047180175781,
    0.47962361574172974,
    0.4822700619697571,
    0.488985538482666,
    0.48189523816108704,
    0.48281967639923096,
    0.4813289940357208,
    0.4765719175338745,
    0.4711397886276245,
    0.47732114791870117,
    0.4746716320514679,
    0.4814271628856659,
    0.4640260636806488,
    0.4773760735988617,
    0.4766696095466614,
    0.4925605058670044,
    0.4849226772785187,
    0.46370434761047363,
    0.474164217710495,
    0.4763377010822296,
    0.47785690426826477,
    0.46728789806365967,
    0.4857812821865082,
    0.47374314069747925,
    0.4655168354511261,
    0.4728595018386841,
    0.4765637516975403,
    0.47534024715423584,
    0.47782015800476074,
    0.4642953872680664,
    0.4801510274410248,
    0.47661706805229187,
    0.4681365489959717,
    0.47986045479774475,
    0.48096078634262085,
    0.46828922629356384,
    0.4723828434944153,
    0.4691009521484375,
    0.4642798900604248,
    0.4664587378501892,
    0.4714960753917694,
    0.4666632115840912,
    0.4725627601146698,
    0.4778333306312561,
    0.4648909866809845,
    0.4759691655635834,
    0.473691463470459,
    0.4784919023513794,
    0.4632527828216553,
    0.45648470520973206,
    0.46125468611717224,
    0.46507665514945984,
    0.4682261645793915,
    0.47618383169174194,
    0.4746139347553253,
    0.46138331294059753,
    0.46251124143600464,
    0.4710174798965454,
    0.46772000193595886,
    0.46129196882247925,
    0.45809394121170044,
    0.4671156406402588,
    0.4672241806983948,
    0.4679076373577118,
    0.47371575236320496,
    0.46781349182128906,
    0.470661997795105,
    0.46192851662635803,
    0.4574432969093323,
    0.4679058790206909,
    0.4567479193210602,
    0.4717220067977905,
    0.4643222689628601,
    0.4668017029762268,
    0.464712917804718,
    0.4579629600048065,
