{
  "evaluation": {
    "roc_auc": 0.8116476171316669
  },
  "losses": [
    0.7508941888809204,
    0.7411195039749146,
    0.7295711040496826,
    0.7233723402023315,
    0.7170135378837585,
    0.7116734385490417,
    0.706192135810852,
    0.7028717398643494,
    0.6959075331687927,
    0.6899348497390747,
    0.6820440292358398,
    0.6768362522125244,
    0.6711035370826721,
    0.6659917831420898,
    0.6597940325737,
    0.6600908041000366,
    0.6555198431015015,
    0.6457908749580383,
    0.6471672058105469,
    0.6446912884712219,
    0.6424628496170044,
    0.6482824683189392,
    0.6397430896759033,
    0.6508126854896545,
    0.6422182321548462,
    0.6413482427597046,
    0.6448326110839844,
    0.6442289352416992,
    0.6334980726242065,
    0.6372590065002441,
    0.6321748495101929,
    0.6317589282989502,
    0.637818455696106,
    0.6343960165977478,
    0.621838390827179,
    0.6305734515190125,
    0.6249394416809082,
    0.6268454790115356,
    0.620002031326294,
    0.6208149194717407,
    0.6234726905822754,
    0.6142391562461853,
    0.6204689741134644,
    0.612563967704773,
    0.6134874224662781,
    0.6057260632514954,
    0.6098281145095825,
    0.6040874123573303,
    0.6055207252502441,
    0.6006211042404175,
    0.5910181403160095,
    0.6031023859977722,
    0.6068940758705139,
    0.5953158736228943,
    0.5963984727859497,
    0.6002782583236694,
    0.5988014936447144,
    0.5969545841217041,
    0.5921926498413086,
    0.5986775159835815,
    0.5914442539215088,
    0.5917017459869385,
    0.5813400745391846,
    0.5864091515541077,
    0.5878377556800842,
    0.5829049944877625,
    0.5798325538635254,
    0.5849104523658752,
    0.5706578493118286,
    0.5787668824195862,
    0.579668402671814,
    0.5811423063278198,
    0.5751644968986511,
    0.5714558959007263,
    0.5735644698143005,
    0.5640370845794678,
    0.5755723118782043,
    0.5742062330245972,
    0.5684150457382202,
    0.5687947869300842,
    0.5730211734771729,
    0.5647590160369873,
    0.5643795728683472,
    0.5650615692138672,
    0.5615102052688599,
    0.5511390566825867,
    0.5649850368499756,
    0.5529479384422302,
    0.5591057538986206,
    0.5562726259231567,
    0.5538122057914734,
    0.5629655122756958,
    0.5500421524047852,
    0.5489387512207031,
    0.5546228289604187,
    0.5522575378417969,
    0.5466302633285522,
    0.5504987835884094,
    0.5573417544364929,
    0.557809054851532,
    0.5432770848274231,
    0.5418082475662231,
    0.5476241111755371,
    0.5442538261413574,
    0.5335735082626343,
    0.5411517024040222,
    0.5460285544395447,
    0.5368061065673828,
    0.537091851234436,
    0.5426907539367676,
    0.5378077030181885,
    0.5355972051620483,
    0.5349153280258179,
    0.5356818437576294,
    0.5309708118438721,
    0.544905424118042,
    0.5367169380187988,
    0.5417593717575073,
    0.5327770113945007,
    0.5356890559196472,
    0.527276337146759,
    0.5289797782897949,
    0.5358473658561707,
    0.5321052670478821,
    0.5351024270057678,
    0.5301965475082397,
    0.5374720096588135,
    0.5304286479949951,
    0.534203052520752,
    0.5349195003509521,
    0.5220004320144653,
    0.5416972041130066,
    0.523094654083252,
    0.5308535695075989,
    0.5291159152984619,
    0.5283938646316528,
    0.5317121744155884,
    0.5246087908744812,
    0.5247939229011536,
    0.5169436931610107,
    0.5327581167221069,
    0.5193254351615906,
    0.5285887718200684,
    0.5243639945983887,
    0.5210054516792297,
    0.5234009027481079,
    0.5236034989356995,
    0.5273542404174805,
    0.5253207087516785,
    0.5218881368637085,
    0.5218010544776917,
    0.5174293518066406,
    0.5231934785842896,
    0.5188449621200562,
    0.5276320576667786,
    0.520455002784729,
    0.5087218284606934,
    0.5226026177406311,
    0.5198272466659546,
    0.5168418884277344,
    0.5176001787185669,
    0.5214275121688843,
    0.5166605710983276,
    0.5260777473449707,
    0.5205036401748657,
    0.5209106802940369,
    0.5164772868156433,
    0.5106005668640137,
    0.5061322450637817,
    0.5110416412353516,
    0.5198130011558533,
    0.5204333662986755,
    0.5202857255935669,
    0.5115723609924316,
    0.5100621581077576,
    0.5097824335098267,
    0.5143568515777588,
    0.5187602639198303,
    0.5191082954406738,
    0.5106377601623535,
    0.5138925313949585,
    0.5152748823165894,
    0.5096265077590942,
    0.5068435072898865,
    0.5114197731018066,
    0.5156651139259338,
    0.5030279755592346,
    0.5109548568725586,
    0.5148083567619324,
    0.5152463316917419,
    0.5103476643562317,
    0.5096231698989868,
    0.5045350193977356,
    0.5070792436599731,
    0.508206844329834,
    0.5205750465393066,
    0.5161342024803162,
    0.5119496583938599,
    0.5052157044410706,
    0.5048784017562866,
    0.5060964822769165,
    0.5017486810684204,
    0.5020188689231873,
    0.5131012797355652,
    0.5060831308364868,
    0.5148815512657166,
    0.5118207931518555,
    0.5071900486946106,
    0.5031962394714355,
    0.4999319314956665,
    0.5068925023078918,
    0.5088292956352234,
    0.4993365406990051,
    0.5078052878379822,
    0.5041191577911377,
    0.49362874031066895,
    0.5071991682052612,
    0.503531277179718,
    0.4960234761238098,
    0.5099257826805115,
    0.5035805106163025,
    0.5019197463989258,
    0.49671685695648193,
    0.49987247586250305,
    0.5026073455810547,
    0.49945834279060364,
    0.49132999777793884,
    0.5037926435470581,
    0.5055115222930908,
    0.4976571202278137,
    0.49844831228256226,
    0.49944043159484863,
    0.4928106963634491,
    0.4996429681777954,
    0.5081576108932495,
    0.49281755089759827,
    0.49331432580947876,
    0.493533730506897,
    0.505864679813385,
    0.49512484669685364,
    0.4995934069156647,
    0.49683985114097595,
    0.4999924898147583,
    0.49544093012809753,
    0.49083930253982544,
    0.49795764684677124,
    0.5032927989959717,
    0.49437734484672546,
    0.488799512386322,
    0.48049435019493103,
    0.4962111711502075,
    0.4938353896141052,
    0.49608245491981506,
    0.4760527014732361,
    0.4899519681930542,
    0.4924719035625458,
    0.48187217116355896,
    0.48707765340805054,
    0.4939495921134949,
    0.49760010838508606,
    0.49600329995155334,
    0.49320459365844727,
    0.4971049726009369,
    0.49581378698349,
    0.4927402138710022,
    0.48003607988357544,
    0.49349433183670044,
    0.48672720789909363,
    0.4871176779270172,
    0.4904777407646179,
    0.49175363779067993,
    0.4827560782432556,
    0.49500545859336853,
    0.4927475154399872,
    0.496462345123291,
    0.4852072596549988,
    0.505385160446167,
    0.4877573847770691,
    0.4831307530403137,
    0.4853881597518921,
    0.48058098554611206,
    0.4823913872241974,
    0.4857627749443054,
    0.4835040867328644,
    0.4807373285293579,
    0.4843381643295288,
    0.4910925030708313,
    0.48981422185897827,
    0.49312788248062134,
    0.4682331681251526,
    0.48096325993537903,
    0.4848969876766205,
    0.48567330837249756,
    0.49080416560173035,
    0.4931623339653015,
    0.483368456363678,
    0.475310355424881,
    0.4777863025665283,
    0.48002785444259644,
    0.49105241894721985,
    0.48646554350852966,
    0.463968425989151,
    0.4816431999206543,
    0.48217129707336426,
    0.49213936924934387,
    0.4782610535621643,
    0.4724142551422119,
    0.485507994890213,
    0.473812073469162,
    0.48449528217315674,
    0.4857786297798157,
    0.4838560223579407,
    0.48361992835998535,
    0.48817679286003113,
    0.47054749727249146,
    0.48354649543762207,
    0.4774494469165802,
    0.481042742729187,
    0.4783083200454712,
    0.4758107662200928,
    0.46267858147621155,
    0.47568801045417786,
    0.4778340458869934,
    0.4782378077507019,
    0.47631463408470154,
    0.4733745753765106,
    0.4780110716819763,
    0.4803782105445862,
    0.467713862657547,
