{
  "evaluation": {
    "roc_auc": 0.8200589191976697
  },
  "losses": [
    0.6730866432189941,
    0.6693792939186096,
    0.6659669876098633,
    0.6618021130561829,
    0.6553259491920471,
    0.6510259509086609,
    0.6491724252700806,
    0.6373060345649719,
    0.635562002658844,
    0.6356760859489441,
    0.6308004856109619,
    0.6299132704734802,
    0.6376543641090393,
    0.6344192028045654,
    0.6226724982261658,
    0.626057505607605,
    0.6311723589897156,
    0.6250948309898376,
    0.6240955591201782,
    0.6165928244590759,
    0.6129652857780457,
    0.6175405383110046,
    0.6141184568405151,
    0.6163330078125,
    0.6083287000656128,
    0.6083798408508301,
    0.6085051894187927,
    0.6117264628410339,
    0.6025739908218384,
    0.6003413200378418,
    0.6022537350654602,
    0.600322425365448,
    0.5993316173553467,
    0.5971842408180237,
    0.5970382690429688,
    0.5839383602142334,
    0.5901391506195068,
    0.5881258845329285,
    0.5856469869613647,
    0.581763744354248,
    0.5807263255119324,
    0.5783827900886536,
    0.5775693655014038,
    0.5658170580863953,
    0.5750131011009216,
    0.5695141553878784,
    0.5798778533935547,
    0.5841683745384216,
    0.5774729251861572,
    0.5761955976486206,
    0.5718944072723389,
    0.5706126689910889,
    0.5756294131278992,
    0.5715912580490112,
    0.5649644732475281,
    0.5613572001457214,
    0.5642300844192505,
    0.5574237108230591,
    0.5627651810646057,
    0.5502427816390991,
    0.5712102651596069,
    0.5587092041969299,
    0.5654034614562988,
    0.5602865815162659,
    0.5548281669616699,
    0.5586506724357605,
    0.554507851600647,
    0.5610949993133545,
    0.5630460381507874,
    0.5524541139602661,
    0.5458425879478455,
    0.5473236441612244,
    0.5510950684547424,
    0.5460952520370483,
    0.5574828386306763,
    0.5503835678100586,
    0.5561049580574036,
    0.5486457347869873,
    0.5490540266036987,
    0.5458971261978149,
    0.5437741279602051,
    0.5483542084693909,
    0.5432934165000916,
    0.5538726449012756,
    0.5444082021713257,
    0.5414425134658813,
    0.5421669483184814,
    0.5396779179573059,
    0.5424493551254272,
    0.5401097536087036,
    0.5438668727874756,
    0.5415562391281128,
    0.5388724207878113,
    0.5452809929847717,
    0.540688693523407,
    0.5498358607292175,
    0.5437748432159424,
    0.5357439517974854,
    0.5304157137870789,
    0.5384352803230286,
    0.5300989747047424,
    0.5324243903160095,
    0.535133957862854,
    0.5439695119857788,
    0.5379016399383545,
    0.5364146828651428,
    0.5292933583259583,
    0.5280375480651855,
    0.5288736820220947,
    0.5380381941795349,
    0.5341677665710449,
    0.5302789211273193,
    0.536532998085022,
    0.522391676902771,
    0.5249326229095459,
    0.5193184614181519,
    0.5264977812767029,
    0.5301001667976379,
    0.518354594707489,
    0.5372284054756165,
    0.5186031460762024,
    0.5174776315689087,
    0.5180095434188843,
    0.5267515182495117,
    0.5313156843185425,
    0.5238746404647827,
    0.5284144878387451,
    0.5206596851348877,
    0.5174826979637146,
    0.5195623636245728,
    0.5107367038726807,
    0.514209508895874,
    0.5143007636070251,
    0.5144330859184265,
    0.5225207209587097,
    0.5036342144012451,
    0.516035795211792,
    0.5160553455352783,
    0.5141927003860474,
    0.5131178498268127,
    0.5039780139923096,
    0.5092563629150391,
    0.5153441429138184,
    0.5061548352241516,
    0.5095281600952148,
    0.5137255787849426,
    0.5014222264289856,
    0.5141300559043884,
    0.5101337432861328,
    0.49787646532058716,
    0.4900916516780853,
    0.5139834880828857,
    0.5091068148612976,
    0.5036643147468567,
    0.5088256001472473,
    0.4961906671524048,
    0.4976063072681427,
    0.49719518423080444,
    0.4965558648109436,
    0.5046157836914062,
    0.5085225701332092,
    0.5011050701141357,
    0.5042378902435303,
    0.49788564443588257,
    0.4936768412590027,
    0.4965432584285736,
    0.48777568340301514,
    0.5087999701499939,
    0.4961141347885132,
    0.5085720419883728,
    0.4974198341369629,
    0.48313042521476746,
    0.49312520027160645,
    0.4958324134349823,
    0.4890352487564087,
    0.49055415391921997,
    0.4943656623363495,
    0.4890347719192505,
    0.4881434738636017,
    0.49743327498435974,
    0.48955827951431274,
    0.48421818017959595,
    0.49056747555732727,
    0.48922961950302124,
    0.48510339856147766,
    0.48928412795066833,
    0.4951580762863159,
    0.4872701168060303,
    0.47710320353507996,
    0.48902925848960876,
    0.48435211181640625,
    0.4873868227005005,
    0.4760986864566803,
    0.4757324755191803,
    0.48510298132896423,
    0.4904250204563141,
    0.48481348156929016,
    0.4918195605278015,
    0.4728360176086426,
    0.47887152433395386,
    0.48933786153793335,
    0.4871492087841034,
    0.4879346489906311,
    0.4727856516838074,
    0.48186182975769043,
    0.4734549820423126,
    0.4688524603843689,
    0.477221816778183,
    0.48310184478759766,
    0.47374704480171204,
    0.4802868962287903,
    0.47807085514068604,
    0.48426735401153564,
    0.4786083400249481,
    0.4775436818599701,
    0.48432138562202454,
    0.4732867181301117,
    0.4722561240196228,
    0.4694712162017822,
    0.46922457218170166,
    0.48243775963783264,
    0.4752005338668823,
    0.4723939001560211,
    0.4671647846698761,
    0.4717709422111511,
    0.47365862131118774,
    0.4765286445617676,
    0.48465949296951294,
    0.46430984139442444,
    0.47162550687789917,
    0.474746435880661,
    0.4840099811553955,
    0.46451422572135925,
    0.4729899764060974,
    0.4691096544265747,
    0.46618056297302246,
    0.4729224741458893,
    0.4677397608757019,
    0.4736274182796478,
    0.46270424127578735,
    0.473821759223938,
    0.47054824233055115,
    0.46537959575653076,
    0.4675838351249695,
    0.46509850025177,
    0.46043726801872253,
    0.46608009934425354,
    0.47222959995269775,
    0.46176669001579285,
    0.4723288416862488,
    0.46156662702560425,
    0.4611009657382965,
    0.4675462543964386,
    0.4615371823310852,
    0.4697909951210022,
    0.45884230732917786,
    0.45552751421928406,
    0.46783438324928284,
    0.4553220868110657,
    0.47458815574645996,
    0.46552079916000366,
    0.45596814155578613,
    0.45811617374420166,
    0.4567547142505646,
    0.4636785387992859,
    0.44900572299957275,
    0.4641963839530945,
    0.46085500717163086,
    0.4530339241027832,
    0.4585471749305725,
    0.4588387608528137,
    0.45801907777786255,
    0.4593098759651184,
    0.45364993810653687,
    0.46765202283859253,
    0.45547056198120117,
    0.4677325487136841,
    0.4562722444534302,
    0.45158737897872925,
    0.45864513516426086,
    0.4620974659919739,
    0.46108341217041016,
    0.46066099405288696,
    0.45342129468917847,
    0.45701372623443604,
    0.4519060552120209,
    0.4565727710723877,
    0.4339199364185333,
    0.4502188563346863,
    0.45496106147766113,
    0.4539923667907715,
    0.45668038725852966,
    0.4513678550720215,
    0.4527948200702667,
    0.4503694474697113,
    0.44967183470726013,
    0.46412813663482666,
    0.46167871356010437,
    0.4496605694293976,
    0.4559113085269928,
    0.45320963859558105,
    0.44312340021133423,
    0.454155296087265,
    0.4478733539581299,
    0.44982367753982544,
    0.4507865905761719,
    0.44589462876319885,
    0.44689714908599854,
    0.44237077236175537,
    0.45026662945747375,
    0.4543493986129761,
    0.45848560333251953,
    0.44502222537994385,
    0.4389030933380127,
    0.4585801362991333,
    0.44816234707832336,
    0.4434354901313782,
    0.4450737237930298,
    0.45065927505493164,
    0.44797810912132263,
    0.44178083539009094,
    0.44722113013267517,
    0.4481533467769623,
    0.4508441388607025,
    0.43167170882225037,
    0.44857653975486755,
    0.44553864002227783,
