{
    "5-FU": [
        -0.4817015826702118,
        -0.6821995973587036,
        -0.7139533162117004,
        -0.47719302773475647,
        -0.6378200054168701,
        0.5494236350059509,
        -0.48949089646339417,
        0.5498865246772766
    ],
    "ABT-888": [
        -0.6754189729690552,
        -0.6814432144165039,
        -0.6888177990913391,
        -0.6124769449234009,
        -0.5297887325286865,
        0.5509175658226013,
        -0.6894474625587463,
        0.6490174531936646
    ],
    "AZD1775": [
        -0.7307019233703613,
        -0.602168619632721,
        -0.5581434965133667,
        -0.6725977063179016,
        -0.6163702011108398,
        0.6209799647331238,
        -0.5953152179718018,
        0.7203684449195862
    ],
    "BEZ-235": [
        -0.706448495388031,
        -0.6120213866233826,
        -0.7139269113540649,
        -0.5495706796646118,
        -0.5737830996513367,
        0.6607475876808167,
        -0.5587148666381836,
        0.6846990585327148
    ],
    "BORTEZOMIB": [
        -0.581421971321106,
        -0.6111465692520142,
        -0.5907629132270813,
        -0.7268165349960327,
        -0.559453010559082,
        0.6758483648300171,
        -0.5743793845176697,
        0.6197405457496643
    ],
    "CARBOPLATIN": [
        -0.5650426745414734,
        -0.5853453278541565,
        -0.5633333325386047,
        -0.5251954197883606,
        -0.626792311668396,
        0.5337396860122681,
        -0.5392286777496338,
        0.4934225082397461
    ],
    "CYCLOPHOSPHAMIDE": [
        -0.5400992631912231,
        -0.5143839120864868,
        -0.6248371601104736,
        -0.6621363162994385,
        -0.6962699294090271,
        0.5243523716926575,
        -0.5911518931388855,
        0.6114033460617065
    ],
    "DASATINIB": [
        -0.7091072797775269,
        -0.6666988730430603,
        -0.5720360279083252,
        -0.5773027539253235,
        -0.48130136728286743,
        0.6660559177398682,
        -0.700814962387085,
        0.7056248784065247
    ],
    "DEXAMETHASONE": [
        -0.6296461224555969,
        -0.5881189703941345,
        -0.6134111285209656,
        -0.6765958666801453,
        -0.637738823890686,
        0.572498083114624,
        -0.7307572364807129,
        0.5528259873390198
    ],
    "DINACICLIB": [
        -0.5404156446456909,
        -0.5497675538063049,
        -0.6618608236312866,
        -0.660908043384552,
        -0.6651530861854553,
        0.6311692595481873,
        -0.644348680973053,
        0.6306485533714294
    ],
    "DOXORUBICIN": [
        -0.6731902956962585,
        -0.6779413819313049,
        -0.5506296753883362,
        -0.4992837607860565,
        -0.6627634167671204,
        0.6937242746353149,
        -0.7166563272476196,
        0.6929308176040649
    ],
    "ERLOTINIB": [
        -0.5151880979537964,
        -0.7313209176063538,
        -0.679882287979126,
        -0.6219068765640259,
        -0.6881888508796692,
        0.6410377621650696,
        -0.6378006935119629,
        0.5527454018592834
    ],
    "ETOPOSIDE": [
        -0.7377058267593384,
        -0.6359394788742065,
        -0.6972812414169312,
        -0.5554346442222595,
        -0.5650396943092346,
        0.6325090527534485,
        -0.6953520178794861,
        0.507158100605011
    ],
    "GELDANAMYCIN": [
        -0.527773380279541,
        -0.645468533039093,
        -0.6929874420166016,
        -0.6089267134666443,
        -0.5905258059501648,
        0.6912928223609924,
        -0.5802538990974426,
        0.640106201171875
    ],
    "GEMCITABINE": [
        -0.5582137107849121,
        -0.5356872081756592,
        -0.6610054969787598,
        -0.5348759889602661,
        -0.6844226121902466,
        0.4829227924346924,
        -0.5553936958312988,
        0.6555876135826111
    ],
    "L778123": [
        -0.7106519341468811,
        -0.690105676651001,
        -0.6181087493896484,
        -0.6911219954490662,
        -0.5165634751319885,
        0.6958805322647095,
        -0.5993075370788574,
        0.5539161562919617
    ],
    "LAPATINIB": [
        -0.6834313869476318,
        -0.5189996361732483,
        -0.6100785136222839,
        -0.7402424812316895,
        -0.5313699245452881,
        0.5845286846160889,
        -0.6299771070480347,
        0.709900975227356
    ],
    "METFORMIN": [
        -0.4871542751789093,
        -0.5422199368476868,
        -0.5366472601890564,
        -0.6897646188735962,
        -0.6961590647697449,
        0.6631215810775757,
        -0.4610302150249481,
        0.6110259294509888
    ],
    "METHOTREXATE": [
        -0.5999284982681274,
        -0.5661648511886597,
        -0.6305252909660339,
        -0.565527617931366,
        -0.6958337426185608,
        0.6565870642662048,
        -0.6338151097297668,
        0.561545193195343
    ],
    "MITOMYCINE": [
        -0.5780147314071655,
        -0.50495845079422,
        -0.6931188106536865,
        -0.5497888922691345,
        -0.7281442284584045,
        0.5271588563919067,
        -0.7080280184745789,
        0.5673041343688965
    ],
    "MK-2206": [
        -0.6014734506607056,
        -0.597494900226593,
        -0.6142030954360962,
        -0.6797131299972534,
        -0.635287344455719,
        0.5583559274673462,
        -0.6805276274681091,
        0.7689009308815002
    ],
    "MK-4541": [
        -0.623299777507782,
        -0.6061651706695557,
        -0.6430854201316833,
        -0.5999916791915894,
        -0.6907205581665039,
        0.6215102076530457,
        -0.6247414946556091,
        0.6464454531669617
    ],
    "MK-4827": [
        -0.5572553873062134,
        -0.6705718040466309,
        -0.715337872505188,
        -0.6057435870170593,
        -0.612377941608429,
        0.6379815936088562,
        -0.6237109303474426,
        0.652528703212738
    ],
    "MK-5108": [
        -0.6926403641700745,
        -0.7026918530464172,
        -0.5573797821998596,
        -0.7105482220649719,
        -0.5377340316772461,
        0.5492975115776062,
        -0.5419675707817078,
        0.7414588332176208
    ],
    "MK-8669": [
        -0.6436296701431274,
        -0.707319974899292,
        -0.6797470450401306,
        -0.6375625133514404,
        -0.7096071839332581,
        0.6374363899230957,
        -0.674166738986969,
        0.6492493748664856
    ],
    "MK-8776": [
        -0.5738624930381775,
        -0.6219058036804199,
        -0.6973148584365845,
        -0.7000269293785095,
        -0.6967452168464661,
        0.6280580163002014,
        -0.6048791408538818,
        0.48645418882369995
    ],
    "MRK-003": [
        -0.5914580821990967,
        -0.6634001135826111,
        -0.7069737315177917,
        -0.6231656074523926,
        -0.6361416578292847,
        0.5628871917724609,
        -0.6304981112480164,
        0.6454406380653381
    ],
    "OXALIPLATIN": [
        -0.5220085382461548,
        -0.58682781457901,
        -0.632891833782196,
        -0.4880536198616028,
        -0.6928898692131042,
        0.5103528499603271,
        -0.7328421473503113,
        0.4971851110458374
    ],
    "PACLITAXEL": [
        -0.7281779646873474,
        -0.5962113738059998,
        -0.7230037450790405,
        -0.6297743916511536,
        -0.6082217693328857,
        0.7013400793075562,
        -0.5632265210151672,
        0.5175012350082397
    ],
    "PD325901": [
        -0.6634067893028259,
        -0.6324713230133057,
        -0.5606868267059326,
        -0.5007931590080261,
        -0.7208335399627686,
        0.7282631397247314,
        -0.5380290746688843,
        0.49387452006340027
    ],
    "SN-38": [
        -0.5840194821357727,
        -0.666248619556427,
        -0.6740720272064209,
        -0.7155524492263794,
        -0.723255455493927,
        0.6538044810295105,
        -0.5694682598114014,
        0.5444610714912415
    ],