{
    "5-FU": [
        -0.5980889201164246,
        1.2586580514907837,
        -0.6227327585220337,
        -0.562792181968689,
        0.766349196434021,
        0.8741157054901123,
        0.21343788504600525,
        -0.45696815848350525
    ],
    "ABT-888": [
        -0.31908556818962097,
        0.14770355820655823,
        -0.7337561845779419,
        -1.0400508642196655,
        0.7752619385719299,
        0.6260887980461121,
        0.7538631558418274,
        -0.7888638377189636
    ],
    "AZD1775": [
        -0.6206474900245667,
        0.6073281764984131,
        -0.6118417978286743,
        -0.5009838938713074,
        0.7676692605018616,
        0.40664243698120117,
        0.7779426574707031,
        -1.1206409931182861
    ],
    "BEZ-235": [
        -0.5812281966209412,
        0.7423316240310669,
        -0.5108121037483215,
        -0.4173980951309204,
        0.889831006526947,
        0.5885167717933655,
        0.7855699062347412,
        -0.9920963048934937
    ],
    "BORTEZOMIB": [
        -0.2628353536128998,
        0.6362268328666687,
        -0.9196767210960388,
        -0.5799508690834045,
        0.5929392576217651,
        0.9085292220115662,
        1.1272135972976685,
        -0.4881277084350586
    ],
    "CARBOPLATIN": [
        -0.4878152310848236,
        0.37559667229652405,
        -0.738332211971283,
        -1.8489391803741455,
        0.6550949811935425,
        0.6270231604576111,
        0.3301454782485962,
        0.45232558250427246
    ],
    "CYCLOPHOSPHAMIDE": [
        -0.6170347929000854,
        0.09814448654651642,
        -0.5973905324935913,
        -1.1577156782150269,
        0.712518036365509,
        0.2640732526779175,
        1.1210390329360962,
        -0.4062386155128479
    ],
    "DASATINIB": [
        -0.8300557732582092,
        0.7880613803863525,
        -0.5243571400642395,
        -0.2673335671424866,
        0.5143678784370422,
        0.6198582649230957,
        0.8268834352493286,
        -1.1657984256744385
    ],
    "DEXAMETHASONE": [
        -0.6175855398178101,
        0.7695367336273193,
        -0.6351026892662048,
        -0.7073832154273987,
        0.864064633846283,
        0.6771748065948486,
        0.47537490725517273,
        -0.07309959083795547
    ],
    "DINACICLIB": [
        -0.9468396306037903,
        0.4042166769504547,
        -0.7549941539764404,
        -0.4759177565574646,
        0.35023191571235657,
        0.5774691700935364,
        0.9950069189071655,
        -1.136526107788086
    ],
    "DOXORUBICIN": [
        -0.5786392092704773,
        0.6181979775428772,
        -0.8985671401023865,
        -0.8386913537979126,
        0.8898997902870178,
        0.8675687909126282,
        0.2844858765602112,
        -0.14206084609031677
    ],
    "ERLOTINIB": [
        -1.0044721364974976,
        0.20355084538459778,
        -0.663547158241272,
        -0.5280584096908569,
        0.6154908537864685,
        0.5043635964393616,
        1.2597452402114868,
        -0.8216411471366882
    ],
    "ETOPOSIDE": [
        -0.6498032212257385,
        0.6088871955871582,
        -0.9318764209747314,
        -0.5333824753761292,
        0.778149425983429,
        0.5952897667884827,
        0.39157363772392273,
        -0.8310366272926331
    ],
    "GELDANAMYCIN": [
        -0.6994855999946594,
        0.9738597869873047,
        -0.7927823066711426,
        -0.7452786564826965,
        0.536155641078949,
        0.9149298071861267,
        0.20362071692943573,
        -0.44893935322761536
    ],
    "GEMCITABINE": [
        -0.8172299265861511,
        1.0083205699920654,
        -0.77829909324646,
        -0.6764125227928162,
        0.8725497722625732,
        0.37570616602897644,
        0.07917970418930054,
        -0.4441911280155182
    ],
    "L778123": [
        -1.080684781074524,
        0.7169257402420044,
        -0.47178781032562256,
        -0.23837733268737793,
        0.49490979313850403,
        0.6720786094665527,
        0.9869450926780701,
        -1.0418256521224976
    ],
    "LAPATINIB": [
        -0.7515469789505005,
        0.5198189616203308,
        -0.716846764087677,
        -0.2912641167640686,
        0.4156728684902191,
        0.7596888542175293,
        1.1918717622756958,
        -1.04570734500885
    ],
    "METFORMIN": [
        0.03849329799413681,
        1.151313066482544,
        -0.7396183609962463,
        -1.122214436531067,
        0.832588255405426,
        1.0870554447174072,
        0.2362585812807083,
        -0.30151718854904175
    ],
    "METHOTREXATE": [
        -0.5872954726219177,
        1.0786800384521484,
        -0.4739741086959839,
        -0.29487723112106323,
        0.7708211541175842,
        0.7937629818916321,
        0.5540205240249634,
        -0.9459654688835144
    ],
    "MITOMYCINE": [
        -0.28541287779808044,
        0.8622910976409912,
        -0.9450334310531616,
        -1.136003017425537,
        0.9421754479408264,
        0.6515446901321411,
        -0.04010666161775589,
        -0.28243398666381836
    ],
    "MK-2206": [
        -0.501958429813385,
        0.4572100043296814,
        -0.5045088529586792,
        -0.8552343249320984,
        0.6875541806221008,
        0.442587673664093,
        0.8784812092781067,
        -1.183229684829712
    ],
    "MK-4541": [
        -0.5581154823303223,
        0.7793516516685486,
        -0.4819799065589905,
        -0.937237560749054,
        0.6250259876251221,
        0.4894281327724457,
        0.5541815757751465,
        -0.49712425470352173
    ],
    "MK-4827": [
        -0.5397438406944275,
        0.4454832077026367,
        -0.5867918729782104,
        -0.5300797820091248,
        0.6346579790115356,
        0.8252448439598083,
        0.9280277490615845,
        -1.3008720874786377
    ],
    "MK-5108": [
        -0.8798136115074158,
        0.35863685607910156,
        -0.8768994808197021,
        -0.45630189776420593,
        0.3991187512874603,
        0.6262282729148865,
        1.2183846235275269,
        -0.5431506037712097
    ],
    "MK-8669": [
        -0.5566975474357605,
        0.8609161972999573,
        -0.8328131437301636,
        -0.47211503982543945,
        0.6768666505813599,
        0.8097142577171326,
        0.7254534959793091,
        -0.3209332227706909
    ],
    "MK-8776": [
        -0.4012962281703949,
        0.7326468229293823,
        -0.8698718547821045,
        -0.7887304425239563,
        0.5829010605812073,
        0.516569197177887,
        0.45916748046875,
        -1.1153440475463867
    ],
    "MRK-003": [
        -0.923862636089325,
        0.41252565383911133,
        -0.5512712001800537,
        -0.6516475081443787,
        0.6369743943214417,
        0.3511882424354553,
        0.7564419507980347,
        -0.7508226037025452
    ],
    "OXALIPLATIN": [
        -0.22899006307125092,
        0.7344198226928711,
        -0.6929725408554077,
        -1.0958168506622314,
        1.0028643608093262,
        1.0936284065246582,
        0.5337135791778564,
        0.16543935239315033
    ],
    "PACLITAXEL": [
        -0.32076016068458557,
        0.8108227849006653,
        -0.8508756756782532,
        -0.8907400369644165,
        0.7713934779167175,
        0.5074162483215332,
        0.6166528463363647,
        -0.28897830843925476
    ],
    "PD325901": [
        -0.7242485284805298,
        1.01414155960083,
        -0.6360567808151245,
        -0.3982943594455719,
        0.6315628290176392,
        0.8308866024017334,
        0.3395001292228699,
        -0.7918915152549744
    ],
    "SN-38": [
        -0.6681820750236511,
        0.4766710102558136,
        -0.7017136216163635,
        -0.8538991212844849,
        0.612462043762207,
        0.6759004592895508,
        0.2878388464450836,
        -0.9075014591217041
    ],