{
    "5-FU": [
        -0.4872336983680725,
        0.7026851773262024,
        -0.501375675201416,
        -0.625720202922821,
        0.5718585252761841,
        -0.7111523151397705,
        -0.5829489827156067,
        0.6157940626144409
    ],
    "ABT-888": [
        -0.6838825345039368,
        0.5595546364784241,
        -0.6278829574584961,
        -0.6761149168014526,
        0.5213086009025574,
        -0.730517566204071,
        -0.5748118162155151,
        0.5429736375808716
    ],
    "AZD1775": [
        -0.5702093839645386,
        0.5591216683387756,
        -0.7448290586471558,
        -0.623236894607544,
        0.5176357626914978,
        -0.5807055234909058,
        -0.5676814317703247,
        0.6968398690223694
    ],
    "BEZ-235": [
        -0.5364812612533569,
        0.5796997547149658,
        -0.5543978214263916,
        -0.698052167892456,
        0.6478036642074585,
        -0.5906866192817688,
        -0.6541336178779602,
        0.621354341506958
    ],
    "BORTEZOMIB": [
        -0.6612104773521423,
        0.5361255407333374,
        -0.633125901222229,
        -0.4861755967140198,
        0.5707113742828369,
        -0.5744207501411438,
        -0.7286551594734192,
        0.689548134803772
    ],
    "CARBOPLATIN": [
        -0.7135151624679565,
        0.4529729187488556,
        -0.4660089313983917,
        -0.6354837417602539,
        0.6339577436447144,
        -0.5875115990638733,
        -0.5528419017791748,
        0.4768593907356262
    ],
    "CYCLOPHOSPHAMIDE": [
        -0.5639922022819519,
        0.7081299424171448,
        -0.5169407725334167,
        -0.6817011833190918,
        0.6563135385513306,
        -0.5995434522628784,
        -0.6723867654800415,
        0.5090175867080688
    ],
    "DASATINIB": [
        -0.5580166578292847,
        0.6551031470298767,
        -0.5090059041976929,
        -0.6562651991844177,
        0.6502652168273926,
        -0.6303914189338684,
        -0.6052820682525635,
        0.6093350648880005
    ],
    "DEXAMETHASONE": [
        -0.7321093082427979,
        0.7022979259490967,
        -0.7160421013832092,
        -0.5504636764526367,
        0.48817962408065796,
        -0.6944596171379089,
        -0.43971532583236694,
        0.4330262541770935
    ],
    "DINACICLIB": [
        -0.5072711706161499,
        0.6130363345146179,
        -0.6637449860572815,
        -0.48013922572135925,
        0.6387829780578613,
        -0.6483780741691589,
        -0.6899625062942505,
        0.7181670069694519
    ],
    "DOXORUBICIN": [
        -0.577090859413147,
        0.5739344954490662,
        -0.6483745574951172,
        -0.6359816789627075,
        0.5460898876190186,
        -0.67132169008255,
        -0.6637758016586304,
        0.5115520358085632
    ],
    "ERLOTINIB": [
        -0.6047555804252625,
        0.6564728617668152,
        -0.46905672550201416,
        -0.6699842810630798,
        0.6986674666404724,
        -0.6046817302703857,
        -0.6625574827194214,
        0.5662146210670471
    ],
    "ETOPOSIDE": [
        -0.6904480457305908,
        0.4924349784851074,
        -0.7121968269348145,
        -0.5415744185447693,
        0.48675820231437683,
        -0.6628086566925049,
        -0.5961303114891052,
        0.7137909531593323
    ],
    "GELDANAMYCIN": [
        -0.5654854774475098,
        0.6176233291625977,
        -0.6977130174636841,
        -0.6170588731765747,
        0.5572261810302734,
        -0.5301331877708435,
        -0.49108269810676575,
        0.7415408492088318
    ],
    "GEMCITABINE": [
        -0.6074296236038208,
        0.7195470333099365,
        -0.5685604810714722,
        -0.740917444229126,
        0.5765791535377502,
        -0.5975688695907593,
        -0.49752143025398254,
        0.5173060297966003
    ],
    "L778123": [
        -0.5489082336425781,
        0.5729643106460571,
        -0.649087131023407,
        -0.6552174687385559,
        0.6549361348152161,
        -0.6241393089294434,
        -0.6178107857704163,
        0.5600626468658447
    ],
    "LAPATINIB": [
        -0.5732440948486328,
        0.5995514392852783,
        -0.5159754753112793,
        -0.6198131442070007,
        0.6282141208648682,
        -0.6269183158874512,
        -0.6513862013816833,
        0.6749958395957947
    ],
    "METFORMIN": [
        -0.6310744285583496,
        0.5685858726501465,
        -0.515361487865448,
        -0.7055240869522095,
        0.5610193014144897,
        -0.6915236711502075,
        -0.5388811826705933,
        0.6273670196533203
    ],
    "METHOTREXATE": [
        -0.660820484161377,
        0.5058373808860779,
        -0.6240505576133728,
        -0.6736687421798706,
        0.6584644317626953,
        -0.6450690627098083,
        -0.5927974581718445,
        0.5168308615684509
    ],
    "MITOMYCINE": [
        -0.6520172357559204,
        0.7106996178627014,
        -0.48311522603034973,
        -0.6448622345924377,
        0.6916902661323547,
        -0.5454514026641846,
        -0.48504719138145447,
        0.582269549369812
    ],
    "MK-2206": [
        -0.6609499454498291,
        0.5285056233406067,
        -0.6703020334243774,
        -0.6087924242019653,
        0.5767686367034912,
        -0.5803328156471252,
        -0.5756947994232178,
        0.718597412109375
    ],
    "MK-4541": [
        -0.6120781302452087,
        0.632021963596344,
        -0.6687028408050537,
        -0.5755346417427063,
        0.5787826776504517,
        -0.6117287874221802,
        -0.5720033645629883,
        0.5377641320228577
    ],
    "MK-4827": [
        -0.6068846583366394,
        0.45955589413642883,
        -0.6385887861251831,
        -0.6492375731468201,
        0.5627781748771667,
        -0.620224118232727,
        -0.6924029588699341,
        0.6713740825653076
    ],
    "MK-5108": [
        -0.4951396584510803,
        0.6629511713981628,
        -0.6514163017272949,
        -0.553752064704895,
        0.6022200584411621,
        -0.69498211145401,
        -0.6312345862388611,
        0.5593525171279907
    ],
    "MK-8669": [
        -0.6675125360488892,
        0.5746927857398987,
        -0.48619866371154785,
        -0.6772400736808777,
        0.6847250461578369,
        -0.6372749209403992,
        -0.5280109643936157,
        0.5807675123214722
    ],
    "MK-8776": [
        -0.5503491163253784,
        0.5578565001487732,
        -0.5333077311515808,
        -0.6002086400985718,
        0.5876984000205994,
        -0.679747462272644,
        -0.6524519920349121,
        0.7236640453338623
    ],
    "MRK-003": [
        -0.6514933109283447,
        0.6951212882995605,
        -0.5753750205039978,
        -0.7278391718864441,
        0.5574455857276917,
        -0.5458939075469971,
        -0.5788875222206116,
        0.5023671388626099
    ],
    "OXALIPLATIN": [
        -0.583918035030365,
        0.49426087737083435,
        -0.6388205885887146,
        -0.532613217830658,
        0.5410376191139221,
        -0.7040785551071167,
        -0.6816489696502686,
        0.5558268427848816
    ],
    "PACLITAXEL": [
        -0.5208924412727356,
        0.5592817068099976,
        -0.6163293719291687,
        -0.6960332989692688,
        0.6302271485328674,
        -0.5230526328086853,
        -0.6656758785247803,
        0.6519948244094849
    ],
    "PD325901": [
        -0.6796852350234985,
        0.6117072105407715,
        -0.6507673263549805,
        -0.57391756772995,
        0.639041543006897,
        -0.595722496509552,
        -0.443212628364563,
        0.6562127470970154
    ],
    "SN-38": [
        -0.6822482943534851,
        0.5981582403182983,
        -0.7020902037620544,
        -0.6650344133377075,
        0.6884960532188416,
        -0.5746269822120667,
        -0.5122240781784058,
        0.4706224501132965
    ],