{
    "5-FU": [
        -0.7908653020858765,
        0.30935025215148926,
        1.222967505455017,
        -0.47693464159965515,
        0.6097720861434937,
        0.20316465198993683,
        0.7550642490386963,
        1.1723119020462036,
        -0.5917593836784363,
        -0.5467103123664856,
        0.01802796870470047,
        -0.4235292673110962,
        0.13098753988742828,
        -0.07376211881637573,
        -0.9491637349128723,
        -0.6945126056671143
    ],
    "ABT-888": [
        0.1100134328007698,
        0.7963948845863342,
        0.1609708070755005,
        -0.30997008085250854,
        0.46818482875823975,
        -1.3647669553756714,
        0.7373493909835815,
        0.4014149010181427,
        -0.20286385715007782,
        -0.24100491404533386,
        -1.0260396003723145,
        -0.19583506882190704,
        -0.09980573505163193,
        0.7820850610733032,
        -0.35206684470176697,
        -0.5510801672935486
    ],
    "AZD1775": [
        -0.9574772715568542,
        0.16717326641082764,
        -0.10659166425466537,
        -0.22390292584896088,
        0.2948969900608063,
        -0.4468238949775696,
        0.3516426086425781,
        0.31802859902381897,
        -0.9261184930801392,
        -0.18188846111297607,
        -1.1617951393127441,
        -0.3220987915992737,
        0.5151228308677673,
        0.7181771993637085,
        -0.8513685464859009,
        -0.625922441482544
    ],
    "BEZ-235": [
        -0.8224295973777771,
        0.06335499882698059,
        -0.015953144058585167,
        -0.520628035068512,
        0.4089387357234955,
        -0.31994250416755676,
        0.4651808440685272,
        0.17370203137397766,
        -1.046143651008606,
        -0.422151654958725,
        -0.9867456555366516,
        -0.4206306040287018,
        0.786513090133667,
        0.7511419057846069,
        -0.631925642490387,
        -0.1275070756673813
    ],
    "BORTEZOMIB": [
        -0.19186623394489288,
        0.9178209900856018,
        1.1244285106658936,
        0.0007350866217166185,
        0.8092131614685059,
        -0.6178722977638245,
        0.5275090336799622,
        0.9903637170791626,
        -0.8490550518035889,
        -0.47251877188682556,
        -0.3638496994972229,
        -0.5140825510025024,
        0.2246771901845932,
        0.3216894268989563,
        0.007735859602689743,
        -0.10823261737823486
    ],
    "CARBOPLATIN": [
        -0.07246768474578857,
        0.27984967827796936,
        1.581229329109192,
        -0.37320151925086975,
        1.4723644256591797,
        -1.4484589099884033,
        0.1025303304195404,
        0.17181336879730225,
        0.4823887348175049,
        -1.1945064067840576,
        0.7566289305686951,
        -1.685043454170227,
        0.8768755793571472,
        0.21279749274253845,
        0.26166895031929016,
        -0.7993432283401489
    ],
    "CYCLOPHOSPHAMIDE": [
        -0.1894754022359848,
        0.526227593421936,
        0.5366975665092468,
        0.13585327565670013,
        0.16727042198181152,
        -1.8831559419631958,
        0.8767472505569458,
        0.006837944034487009,
        -0.4200756847858429,
        -0.027471104636788368,
        -1.2201398611068726,
        -0.6379317045211792,
        -0.18601347506046295,
        0.6902502179145813,
        -0.2181372493505478,
        -1.0101009607315063
    ],
    "DASATINIB": [
        -0.7464380860328674,
        0.6759661436080933,
        0.47353920340538025,
        -0.24615971744060516,
        0.224107563495636,
        -0.05360480025410652,
        0.5561946034431458,
        0.8736549615859985,
        -0.9375306367874146,
        -0.3658696115016937,
        -0.8610727787017822,
        -0.4238472282886505,
        0.47098490595817566,
        -0.10556016862392426,
        -0.9648483395576477,
        -0.5973896384239197
    ],
    "DEXAMETHASONE": [
        -0.9640903472900391,
        0.4160481095314026,
        0.11695706099271774,
        -0.5488910675048828,
        0.4063994288444519,
        -1.036184549331665,
        0.6984954476356506,
        -0.22428804636001587,
        -0.13870765268802643,
        -0.19473449885845184,
        0.6589040160179138,
        -0.6979877948760986,
        0.1923118531703949,
        1.1063143014907837,
        -1.0379760265350342,
        -0.27442866563796997
    ],
    "DINACICLIB": [
        -0.49700531363487244,
        0.5947533845901489,
        0.14237506687641144,
        -0.47127848863601685,
        0.20553483068943024,
        -0.6400096416473389,
        0.32241374254226685,
        0.34670254588127136,
        -1.0377066135406494,
        -0.21323630213737488,
        -1.2322245836257935,
        -0.6964476108551025,
        0.5321873426437378,
        0.3955323100090027,
        -0.15399496257305145,
        -0.5812177062034607
    ],
    "DOXORUBICIN": [
        0.17424996197223663,
        0.14027783274650574,
        0.6196350455284119,
        -0.4756581783294678,
        0.5564906001091003,
        -0.25616273283958435,
        0.7963054776191711,
        0.19615064561367035,
        -0.3019680380821228,
        -0.9947206377983093,
        0.03517475724220276,
        -0.27603432536125183,
        0.350186824798584,
        1.0574051141738892,
        -0.8876243829727173,
        -0.547733724117279
    ],
    "ERLOTINIB": [
        -0.7062364816665649,
        0.8937316536903381,
        0.038604218512773514,
        -0.32888665795326233,
        0.2831641435623169,
        -0.7827105522155762,
        0.2887991666793823,
        0.014939531683921814,
        -1.159776210784912,
        -0.5368577837944031,
        -1.3585067987442017,
        -0.8822252154350281,
        0.5001152753829956,
        0.4062221944332123,
        0.2747753858566284,
        -0.6710926294326782
    ],
    "ETOPOSIDE": [
        -0.3387202322483063,
        0.654040515422821,
        -0.1896767020225525,
        -1.042449951171875,
        0.13336464762687683,
        0.08834511786699295,
        0.5911468267440796,
        0.2396867424249649,
        -0.7911425232887268,
        -0.7931190133094788,
        -0.6132022142410278,
        -0.5235785245895386,
        0.7901787757873535,
        0.42071273922920227,
        -0.6011371612548828,
        -0.5333645939826965
    ],
    "GELDANAMYCIN": [
        -0.04864665865898132,
        0.9578436613082886,
        0.8600794076919556,
        -0.8843044638633728,
        0.15569311380386353,
        0.00531070027500391,
        0.8480322360992432,
        0.6934223771095276,
        -0.45938608050346375,
        -0.8849788904190063,
        0.08302369713783264,
        -0.39117756485939026,
        0.48104822635650635,
        0.03927207365632057,
        -0.5000162124633789,
        -0.790035605430603
    ],
    "GEMCITABINE": [
        -0.8014625906944275,
        0.15194566547870636,
        0.5351795554161072,
        -1.0193943977355957,
        0.48661983013153076,
        -0.030328169465065002,
        0.3492952883243561,
        0.8287706971168518,
        0.08638308197259903,
        -0.34719112515449524,
        0.10587363690137863,
        -0.3611743748188019,
        0.3827369511127472,
        0.6133294701576233,
        -0.7763681411743164,
        -0.5833331942558289
    ],
    "L778123": [
        -0.5663918256759644,
        0.6505123376846313,
        0.3442341089248657,
        -0.18744218349456787,
        0.4584473967552185,
        -0.31522345542907715,
        0.2901989817619324,
        0.5980057120323181,
        -1.2863107919692993,
        -0.47917667031288147,
        -1.0783352851867676,
        -0.5075423121452332,
        0.5808279514312744,
        -0.021678848192095757,
        -0.7028207778930664,
        -0.5678209662437439
    ],