{
    "5-FU": [
        -0.3905942738056183,
        -0.5935670137405396,
        -0.20366254448890686,
        -0.609686017036438,
        0.4680445194244385,
        -0.13989993929862976,
        0.3430388867855072,
        0.4660448431968689,
        -0.5937779545783997,
        0.370280385017395,
        -0.5003639459609985,
        -0.580290675163269,
        0.32736220955848694,
        0.38605257868766785,
        -0.6853039264678955,
        0.6046973466873169
    ],
    "ABT-888": [
        -0.43574753403663635,
        -0.4754769206047058,
        -0.5420445203781128,
        -0.3796948790550232,
        0.39098092913627625,
        -0.5102881789207458,
        0.5977632403373718,
        0.6412191390991211,
        -0.32405906915664673,
        0.5176883935928345,
        -0.40209490060806274,
        -0.4495125114917755,
        0.358624130487442,
        0.4994184672832489,
        -0.27044981718063354,
        0.3114185035228729
    ],
    "AZD1775": [
        -0.4664812386035919,
        -0.5553296208381653,
        -0.6682925224304199,
        -0.5043675303459167,
        0.49373722076416016,
        -0.6425317525863647,
        0.5568393468856812,
        0.466981440782547,
        -0.6152994632720947,
        0.42903369665145874,
        -0.3018747568130493,
        -0.34430864453315735,
        0.4092884361743927,
        0.43641284108161926,
        -0.10669813305139542,
        0.3855443000793457
    ],
    "BEZ-235": [
        -0.4051918089389801,
        -0.445684552192688,
        -0.7218165993690491,
        -0.46934738755226135,
        0.38130536675453186,
        -0.6641266942024231,
        0.4937281906604767,
        0.3381945788860321,
        -0.6572256088256836,
        0.4547368288040161,
        -0.39882442355155945,
        -0.3217599391937256,
        0.5067894458770752,
        0.4472966194152832,
        -0.30674371123313904,
        0.3796231150627136
    ],
    "BORTEZOMIB": [
        -0.4491797983646393,
        -0.5680091977119446,
        -0.3612847924232483,
        -0.5110838413238525,
        0.5887594223022461,
        -0.3391171395778656,
        0.35177329182624817,
        0.5505952835083008,
        -0.577825129032135,
        0.593469500541687,
        -0.4568489193916321,
        -0.4966931939125061,
        0.22721411287784576,
        0.4824729859828949,
        -0.44306257367134094,
        0.3942885100841522
    ],
    "CARBOPLATIN": [
        -0.5490723252296448,
        0.04703272506594658,
        0.16281893849372864,
        -0.38898491859436035,
        0.47116348147392273,
        -0.1705707162618637,
        0.5537459850311279,
        0.7545984983444214,
        0.1612151712179184,
        0.2792659401893616,
        -0.5315901041030884,
        -0.854861319065094,
        0.2920610010623932,
        0.6661455035209656,
        -0.7573371529579163,
        0.3770439326763153
    ],
    "CYCLOPHOSPHAMIDE": [
        -0.6547795534133911,
        -0.39481300115585327,
        -0.5908991694450378,
        -0.41766616702079773,
        0.5056071877479553,
        -0.5498873591423035,
        0.6776161789894104,
        0.5964682698249817,
        -0.3960944712162018,
        0.4997723400592804,
        -0.17960679531097412,
        -0.3042154014110565,
        0.4052498936653137,
        0.609157383441925,
        -0.048807963728904724,
        0.2538183629512787
    ],
    "DASATINIB": [
        -0.4001804292201996,
        -0.5723673701286316,
        -0.6069425344467163,
        -0.4111242890357971,
        0.5383327007293701,
        -0.5482102036476135,
        0.45845791697502136,
        0.38675835728645325,
        -0.6821173429489136,
        0.5923961400985718,
        -0.35624730587005615,
        -0.28443384170532227,
        0.36232370138168335,
        0.5288460850715637,
        -0.343058705329895,
        0.37050777673721313
    ],
    "DEXAMETHASONE": [
        -0.505793035030365,
        -0.2514479458332062,
        -0.28903234004974365,
        -0.2011379599571228,
        0.29163867235183716,
        -0.26906731724739075,
        0.4291386306285858,
        0.6670480370521545,
        -0.07311265170574188,
        0.24314181506633759,
        -0.4236125349998474,
        -0.8423826694488525,
        0.6557849049568176,
        0.31778785586357117,
        -0.4537264406681061,
        0.6880209445953369
    ],
    "DINACICLIB": [
        -0.5063024759292603,
        -0.5972779989242554,
        -0.6441712379455566,
        -0.5341966152191162,
        0.44540417194366455,
        -0.787433922290802,
        0.48254549503326416,
        0.3746664822101593,
        -0.7684385180473328,
        0.6515134572982788,
        -0.3395206034183502,
        -0.18783095479011536,
        0.4539596736431122,
        0.5076156854629517,
        -0.07913324236869812,
        0.3289775848388672
    ],
    "DOXORUBICIN": [
        -0.36641520261764526,
        -0.35187599062919617,
        -0.16285942494869232,
        -0.4992666244506836,
        0.3257884383201599,
        -0.18007628619670868,
        0.3719342350959778,
        0.31319424510002136,
        -0.284302681684494,
        0.35214927792549133,
        -0.5878287553787231,
        -0.6153691411018372,
        0.603984534740448,
        0.33863604068756104,
        -0.9837620854377747,
        0.6349464058876038
    ],
    "ERLOTINIB": [
        -0.5582870841026306,
        -0.5459643602371216,
        -0.7150169610977173,
        -0.4291936457157135,
        0.5673697590827942,
        -0.8416928648948669,
        0.49223995208740234,
        0.3973200023174286,
        -0.684228241443634,
        0.6238388419151306,
        -0.35913360118865967,
        -0.09564940631389618,
        0.39249172806739807,
        0.5943306684494019,
        -0.08647263050079346,
        0.2180505394935608
    ],
    "ETOPOSIDE": [
        -0.4032617211341858,
        -0.36620059609413147,
        -0.4326907694339752,
        -0.4511464238166809,
        0.43951767683029175,
        -0.33500373363494873,
        0.43485453724861145,
        0.19604454934597015,
        -0.5568652153015137,
        0.5245397090911865,
        -0.5967214107513428,
        -0.41754069924354553,
        0.5687928795814514,
        0.3739347755908966,
        -0.7431553602218628,
        0.4035762846469879
    ],
    "GELDANAMYCIN": [
        -0.38188350200653076,
        -0.3789217472076416,
        -0.10204682499170303,
        -0.4874243438243866,
        0.521022617816925,
        -0.07504583150148392,
        0.33313921093940735,
        0.3078744113445282,
        -0.41218340396881104,
        0.4649324417114258,
        -0.6140761375427246,
        -0.5725827813148499,
        0.49638843536376953,
        0.4564228653907776,
        -0.8888407945632935,
        0.6658593416213989
    ],
    "GEMCITABINE": [
        -0.41953906416893005,
        -0.3899975121021271,
        -0.16604623198509216,
        -0.4132939577102661,
        0.3852718770503998,
        -0.25335097312927246,
        0.2814852297306061,
        0.5262542366981506,
        -0.2821055054664612,
        0.28851550817489624,
        -0.5599663853645325,
        -0.7358052134513855,
        0.403994083404541,
        0.4091423749923706,
        -0.6911755800247192,
        0.6020529866218567
    ],
    "L778123": [
        -0.4954604506492615,
        -0.6267243027687073,
        -0.7167211174964905,
        -0.5352413654327393,
        0.4489186108112335,
        -0.7020083665847778,
        0.4330388605594635,
        0.41588038206100464,
        -0.6848782896995544,
        0.5817751288414001,
        -0.3610539436340332,
        -0.2654534578323364,
        0.4285406768321991,
        0.5302940011024475,
        -0.16867396235466003,
        0.33350685238838196
    ],