{
    "5-FU": [
        0.4565829038619995,
        -0.42080944776535034,
        -0.32445839047431946,
        0.34539926052093506,
        0.2596419155597687,
        0.3780091106891632,
        0.47105225920677185,
        0.4220714271068573
    ],
    "ABT-888": [
        0.25556889176368713,
        -0.2979879081249237,
        -0.48775580525398254,
        0.45485737919807434,
        0.3360409140586853,
        0.477588415145874,
        0.39825236797332764,
        0.4254492521286011
    ],
    "AZD1775": [
        0.40695491433143616,
        -0.41895100474357605,
        -0.4786679446697235,
        0.3371317982673645,
        0.4915024936199188,
        0.38151219487190247,
        0.3097938001155853,
        0.30305835604667664
    ],
    "BEZ-235": [
        0.45051077008247375,
        -0.37266838550567627,
        -0.4560985267162323,
        0.4739269018173218,
        0.33200204372406006,
        0.3513444662094116,
        0.46870124340057373,
        0.43619677424430847
    ],
    "BORTEZOMIB": [
        0.3658050298690796,
        -0.47292011976242065,
        -0.36566978693008423,
        0.4899245500564575,
        0.4729301929473877,
        0.35372304916381836,
        0.3743267357349396,
        0.4650109112262726
    ],
    "CARBOPLATIN": [
        0.3496009409427643,
        -0.45331883430480957,
        -0.48527610301971436,
        0.39091435074806213,
        0.47411882877349854,
        0.482372909784317,
        0.42769017815589905,
        0.46277010440826416
    ],
    "CYCLOPHOSPHAMIDE": [
        0.3086525499820709,
        -0.3381468951702118,
        -0.4178895354270935,
        0.31006357073783875,
        0.36808323860168457,
        0.46949639916419983,
        0.2996315360069275,
        0.4222102165222168
    ],
    "DASATINIB": [
        0.29153507947921753,
        -0.3187461197376251,
        -0.2891600728034973,
        0.25871413946151733,
        0.38950881361961365,
        0.46273648738861084,
        0.3079794645309448,
        0.4772689640522003
    ],
    "DEXAMETHASONE": [
        0.4956434667110443,
        -0.4814670979976654,
        -0.38086485862731934,
        0.3700000047683716,
        0.4213147759437561,
        0.4966573119163513,
        0.2673072814941406,
        0.35305255651474
    ],
    "DINACICLIB": [
        0.41108301281929016,
        -0.2809140086174011,
        -0.46452170610427856,
        0.40883225202560425,
        0.3224326968193054,
        0.315189927816391,
        0.3634459972381592,
        0.4136085510253906
    ],
    "DOXORUBICIN": [
        0.3028266131877899,
        -0.4081586003303528,
        -0.42153334617614746,
        0.25275516510009766,
        0.28695976734161377,
        0.381823867559433,
        0.4780389070510864,
        0.4393559694290161
    ],
    "ERLOTINIB": [
        0.479545533657074,
        -0.408308744430542,
        -0.37583398818969727,
        0.3209913372993469,
        0.2658551037311554,
        0.4948577284812927,
        0.36226579546928406,
        0.30841413140296936
    ],
    "ETOPOSIDE": [
        0.3822917342185974,
        -0.3302764594554901,
        -0.4771636426448822,
        0.43110769987106323,
        0.4528341591358185,
        0.34137678146362305,
        0.4635051190853119,
        0.2670471668243408
    ],
    "GELDANAMYCIN": [
        0.2601126432418823,
        -0.4648253917694092,
        -0.3928927779197693,
        0.3818170428276062,
        0.4523177444934845,
        0.3972262442111969,
        0.3821159899234772,
        0.41739892959594727
    ],
    "GEMCITABINE": [
        0.2751871347427368,
        -0.43099433183670044,
        -0.30706629157066345,
        0.2918260395526886,
        0.26961374282836914,
        0.3048440217971802,
        0.4626014530658722,
        0.3204188346862793
    ],
    "L778123": [
        0.47970810532569885,
        -0.4023154675960541,
        -0.38696083426475525,
        0.3196520209312439,
        0.45474928617477417,
        0.4631381630897522,
        0.33821746706962585,
        0.4224856197834015
    ],
    "LAPATINIB": [
        0.4995615482330322,
        -0.3564724922180176,
        -0.2569613456726074,
        0.4974289834499359,
        0.46443894505500793,
        0.34293755888938904,
        0.3033522069454193,
        0.36680731177330017
    ],
    "METFORMIN": [
        0.3533667027950287,
        -0.339356392621994,
        -0.49853163957595825,
        0.3085789978504181,
        0.34336546063423157,
        0.42537176609039307,
        0.25850728154182434,
        0.4353664815425873
    ],
    "METHOTREXATE": [
        0.4028069078922272,
        -0.4208066761493683,
        -0.4316460192203522,
        0.27194449305534363,
        0.3050176501274109,
        0.4554584324359894,
        0.27613410353660583,
        0.40215003490448
    ],
    "MITOMYCINE": [
        0.2877160608768463,
        -0.3578004240989685,
        -0.28767481446266174,
        0.48273125290870667,
        0.3697170913219452,
        0.3748437762260437,
        0.31215953826904297,
        0.45676514506340027
    ],
    "MK-2206": [
        0.4118826389312744,
        -0.4539068937301636,
        -0.31873396039009094,
        0.4028414785861969,
        0.3660092055797577,
        0.42463570833206177,
        0.295653373003006,
        0.4701322615146637
    ],
    "MK-4541": [
        0.325065940618515,
        -0.3085208237171173,
        -0.31505346298217773,
        0.26112276315689087,
        0.2998252511024475,
        0.45990702509880066,
        0.4426480829715729,
        0.4821600615978241
    ],
    "MK-4827": [
        0.3261808454990387,
        -0.4403931498527527,
        -0.2817363739013672,
        0.4352840483188629,
        0.48962339758872986,
        0.2577030062675476,
        0.27256956696510315,
        0.39980900287628174
    ],
    "MK-5108": [
        0.4917631149291992,
        -0.3719925284385681,
        -0.28058484196662903,
        0.3431834578514099,
        0.30648261308670044,
        0.3324509561061859,
        0.4903523325920105,
        0.2684972286224365
    ],
    "MK-8669": [
        0.329687237739563,
        -0.4160304367542267,
        -0.4297947883605957,
        0.4035544693470001,
        0.49109935760498047,
        0.4697662591934204,
        0.29331302642822266,
        0.4184788167476654
    ],
    "MK-8776": [
        0.43196752667427063,
        -0.3103289306163788,
        -0.324113667011261,
        0.36011773347854614,
        0.33189547061920166,
        0.48626255989074707,
        0.34225934743881226,
        0.3911418616771698
    ],
    "MRK-003": [
        0.3974892497062683,
        -0.27277183532714844,
        -0.40139511227607727,
        0.3122134506702423,
        0.41517379879951477,
        0.34349313378334045,
        0.45597854256629944,
        0.30926787853240967
    ],
    "OXALIPLATIN": [
        0.43380454182624817,
        -0.32607126235961914,
        -0.32543349266052246,
        0.4286889135837555,
        0.49022141098976135,
        0.34213873744010925,
        0.40994346141815186,
        0.3446817696094513
    ],
    "PACLITAXEL": [
        0.3934606611728668,
        -0.4916333854198456,
        -0.4634294807910919,
        0.43069013953208923,
        0.26660770177841187,
        0.2721044421195984,
        0.4277133345603943,
        0.33083614706993103
    ],
    "PD325901": [
        0.2991526424884796,
        -0.3561534881591797,
        -0.379338800907135,
        0.3875085711479187,
        0.27698850631713867,
        0.4519506096839905,
        0.4682013690471649,
        0.4575427770614624
    ],
    "SN-38": [
        0.4568001329898834,
        -0.32335391640663147,
        -0.3451468050479889,
        0.3480571508407593,
        0.4194931983947754,
        0.3934646546840668,
        0.40443599224090576,
        0.4332125782966614
    ],