{
    "5-FU": [
        0.4941530227661133,
        0.4536144733428955,
        0.3968076705932617,
        0.49466079473495483,
        0.4949837923049927,
        0.31129321455955505,
        0.4538702666759491,
        0.5944591164588928,
        0.3442819118499756,
        -0.3801703155040741,
        -0.3787919878959656,
        -0.36238694190979004,
        0.36700499057769775,
        0.3620440661907196,
        0.3979920744895935,
        -0.4842539131641388
    ],
    "ABT-888": [
        0.42670556902885437,
        0.3990875482559204,
        0.47665801644325256,
        0.4013797342777252,
        0.35650506615638733,
        0.4681547284126282,
        0.36738842725753784,
        0.41214510798454285,
        0.48518407344818115,
        -0.4032224118709564,
        -0.41976386308670044,
        -0.4933144748210907,
        0.3920207917690277,
        0.4687674045562744,
        0.4742652177810669,
        -0.48963525891304016
    ],
    "AZD1775": [
        0.3172609210014343,
        0.40655001997947693,
        0.5179473161697388,
        0.37822362780570984,
        0.4519696533679962,
        0.5330942869186401,
        0.4574642777442932,
        0.3129233419895172,
        0.4894966185092926,
        -0.41451364755630493,
        -0.4822690188884735,
        -0.46278902888298035,
        0.41847530007362366,
        0.5112284421920776,
        0.39033952355384827,
        -0.3742886185646057
    ],
    "BEZ-235": [
        0.40404897928237915,
        0.38442447781562805,
        0.42126575112342834,
        0.43154487013816833,
        0.43078166246414185,
        0.4779527187347412,
        0.4755308926105499,
        0.3957780599594116,
        0.48330265283584595,
        -0.4668559730052948,
        -0.400544136762619,
        -0.4255235195159912,
        0.4648878872394562,
        0.43249809741973877,
        0.4068988859653473,
        -0.4097261428833008
    ],
    "BORTEZOMIB": [
        0.33800381422042847,
        0.3743650019168854,
        0.52609783411026,
        0.40401458740234375,
        0.38504722714424133,
        0.5104168057441711,
        0.476429283618927,
        0.38020774722099304,
        0.37612372636795044,
        -0.43765366077423096,
        -0.44692423939704895,
        -0.4170217216014862,
        0.5003948211669922,
        0.4580996036529541,
        0.4576335847377777,
        -0.4409942328929901
    ],
    "CARBOPLATIN": [
        0.48728805780410767,
        0.4398256540298462,
        0.3307558596134186,
        0.5166952610015869,
        0.48711439967155457,
        0.2664152979850769,
        0.3430631756782532,
        0.6405901908874512,
        0.3946322202682495,
        -0.2787173390388489,
        -0.33353477716445923,
        -0.3975121080875397,
        0.38768383860588074,
        0.24672532081604004,
        0.365114688873291,
        -0.3285848796367645
    ],
    "CYCLOPHOSPHAMIDE": [
        0.2399659901857376,
        0.2787160873413086,
        0.5386506915092468,
        0.3721359670162201,
        0.35819631814956665,
        0.6059569716453552,
        0.44735100865364075,
        0.3277224004268646,
        0.4002212584018707,
        -0.4877609610557556,
        -0.4979667365550995,
        -0.5256900787353516,
        0.4505378007888794,
        0.48709505796432495,
        0.48436886072158813,
        -0.3908194601535797
    ],
    "DASATINIB": [
        0.42709702253341675,
        0.41812023520469666,
        0.44795963168144226,
        0.3992920517921448,
        0.45552974939346313,
        0.4196570813655853,
        0.46201613545417786,
        0.3278775215148926,
        0.4474988281726837,
        -0.45745331048965454,
        -0.4908049404621124,
        -0.38359323143959045,
        0.483603298664093,
        0.4897100627422333,
        0.4120112359523773,
        -0.41687607765197754
    ],
    "DEXAMETHASONE": [
        0.5217134356498718,
        0.5116869807243347,
        0.3526388704776764,
        0.455192506313324,
        0.46980321407318115,
        0.40814924240112305,
        0.4252867102622986,
        0.5038197636604309,
        0.39647242426872253,
        -0.31495800614356995,
        -0.33511728048324585,
        -0.39705199003219604,
        0.3857194185256958,
        0.34388354420661926,
        0.47669559717178345,
        -0.3955300450325012
    ],
    "DINACICLIB": [
        0.36635440587997437,
        0.36170482635498047,
        0.5411843657493591,
        0.3285861313343048,
        0.40543749928474426,
        0.4437757432460785,
        0.43746519088745117,
        0.3688550889492035,
        0.46560803055763245,
        -0.4534159004688263,
        -0.4290412962436676,
        -0.48649075627326965,
        0.49740445613861084,
        0.5479552149772644,
        0.4779525697231293,
        -0.46356332302093506
    ],
    "DOXORUBICIN": [
        0.5293664336204529,
        0.5114389657974243,
        0.33310428261756897,
        0.4662041962146759,
        0.4699227213859558,
        0.28807130455970764,
        0.3853473663330078,
        0.5763375163078308,
        0.4512484669685364,
        -0.41441038250923157,
        -0.38769182562828064,
        -0.41373229026794434,
        0.4337179958820343,
        0.3201836943626404,
        0.33118322491645813,
        -0.48735684156417847
    ],
    "ERLOTINIB": [
        0.3278622329235077,
        0.2731880843639374,
        0.5224399566650391,
        0.3923787772655487,
        0.4376274049282074,
        0.5856417417526245,
        0.46352529525756836,
        0.2300475686788559,
        0.4160993993282318,
        -0.4819832444190979,
        -0.5257219672203064,
        -0.44284602999687195,
        0.45461583137512207,
        0.5448885560035706,
        0.4856494665145874,
        -0.41216740012168884
    ],
    "ETOPOSIDE": [
        0.4897940456867218,
        0.42115527391433716,
        0.38350343704223633,
        0.43787357211112976,
        0.4430643320083618,
        0.38184988498687744,
        0.46532753109931946,
        0.45947176218032837,
        0.45655936002731323,
        -0.40071311593055725,
        -0.400025337934494,
        -0.42566078901290894,
        0.3812326490879059,
        0.4420463740825653,
        0.4339084327220917,
        -0.4473770558834076
    ],
    "GELDANAMYCIN": [
        0.5326841473579407,
        0.5041543841362,
        0.3039548099040985,
        0.3952966630458832,
        0.4533405900001526,
        0.2902795672416687,
        0.4720093011856079,
        0.5753389000892639,
        0.44360482692718506,
        -0.38673168420791626,
        -0.4445357024669647,
        -0.4044087827205658,
        0.442825585603714,
        0.3144412338733673,
        0.34212440252304077,
        -0.4676108956336975
    ],
    "GEMCITABINE": [
        0.49443235993385315,
        0.5400812029838562,
        0.322197824716568,
        0.4040893018245697,
        0.46125179529190063,
        0.3757505416870117,
        0.431517630815506,
        0.6104317307472229,
        0.3864782154560089,
        -0.3848709762096405,
        -0.3748481273651123,
        -0.36185961961746216,
        0.44091394543647766,
        0.3323943614959717,
        0.40137583017349243,
        -0.45575857162475586
    ],
    "L778123": [
        0.3177725374698639,
        0.3415468633174896,
        0.54241544008255,
        0.39212653040885925,
        0.41494596004486084,
        0.6156330108642578,
        0.39896416664123535,
        0.27785342931747437,
        0.4724715054035187,
        -0.5012290477752686,
        -0.4942019283771515,
        -0.44039037823677063,
        0.4200158715248108,
        0.5610209703445435,
        0.4235650897026062,
        -0.3514915108680725
    ],