{
    "5-FU": [
        0.35011523962020874,
        0.43550294637680054,
        -0.4683726727962494,
        0.376833438873291,
        -0.42195746302604675,
        0.4357355833053589,
        0.34737899899482727,
        -0.4061092436313629,
        0.40508803725242615,
        -0.37080079317092896,
        0.3651648461818695,
        0.4353173077106476,
        -0.38834914565086365,
        -0.4425198435783386,
        0.47440293431282043,
        0.4085351526737213
    ],
    "ABT-888": [
        0.46204978227615356,
        0.4026229977607727,
        -0.444253534078598,
        0.3824770152568817,
        -0.391869455575943,
        0.36174270510673523,
        0.42701444029808044,
        -0.4688167870044708,
        0.425777792930603,
        -0.3421421945095062,
        0.4579574465751648,
        0.41408729553222656,
        -0.4277818202972412,
        -0.41188591718673706,
        0.4309813380241394,
        0.4411265552043915
    ],
    "AZD1775": [
        0.47183069586753845,
        0.35898709297180176,
        -0.46063122153282166,
        0.450851708650589,
        -0.46672478318214417,
        0.36391162872314453,
        0.3944969177246094,
        -0.4060472846031189,
        0.38916218280792236,
        -0.3549847900867462,
        0.4702075719833374,
        0.40079429745674133,
        -0.4007047712802887,
        -0.4197831451892853,
        0.39507320523262024,
        0.4685571491718292
    ],
    "BEZ-235": [
        0.3985407054424286,
        0.4379254877567291,
        -0.4194181263446808,
        0.4642152786254883,
        -0.45154666900634766,
        0.42610079050064087,
        0.3739564120769501,
        -0.3681102693080902,
        0.38637155294418335,
        -0.4139215648174286,
        0.4226142466068268,
        0.3639339208602905,
        -0.4704419672489166,
        -0.43314218521118164,
        0.3742302358150482,
        0.42451781034469604
    ],
    "BORTEZOMIB": [
        0.34659460186958313,
        0.40199628472328186,
        -0.46024495363235474,
        0.4365900158882141,
        -0.3642958402633667,
        0.40138760209083557,
        0.4418843686580658,
        -0.4142047166824341,
        0.4261070191860199,
        -0.40319618582725525,
        0.36347496509552,
        0.45538330078125,
        -0.40983036160469055,
        -0.45104992389678955,
        0.41832777857780457,
        0.4471578598022461
    ],
    "CARBOPLATIN": [
        0.36596494913101196,
        0.4693789482116699,
        -0.38538819551467896,
        0.3832353949546814,
        -0.35874223709106445,
        0.3743288815021515,
        0.4166594445705414,
        -0.3640291690826416,
        0.4184885621070862,
        -0.4347042441368103,
        0.44727686047554016,
        0.4463006258010864,
        -0.3721414804458618,
        -0.4289587736129761,
        0.38922932744026184,
        0.3855845034122467
    ],
    "CYCLOPHOSPHAMIDE": [
        0.4279843270778656,
        0.39736413955688477,
        -0.3691861927509308,
        0.44408664107322693,
        -0.39106011390686035,
        0.4677833914756775,
        0.41870230436325073,
        -0.39237821102142334,
        0.365712970495224,
        -0.38773009181022644,
        0.46918293833732605,
        0.3702594041824341,
        -0.4338768422603607,
        -0.4690025746822357,
        0.412639856338501,
        0.427705317735672
    ],
    "DASATINIB": [
        0.3822755217552185,
        0.37955236434936523,
        -0.4318121075630188,
        0.45013922452926636,
        -0.42220667004585266,
        0.4581795036792755,
        0.45804867148399353,
        -0.46116337180137634,
        0.4514662027359009,
        -0.41160979866981506,
        0.3778122663497925,
        0.4454501271247864,
        -0.3856220841407776,
        -0.4415369927883148,
        0.3420318365097046,
        0.4060092270374298
    ],
    "DEXAMETHASONE": [
        0.4364767372608185,
        0.352383017539978,
        -0.4203398525714874,
        0.4323170483112335,
        -0.42878952622413635,
        0.43378108739852905,
        0.34523752331733704,
        -0.3546871840953827,
        0.411475270986557,
        -0.4491942524909973,
        0.37574756145477295,
        0.4375098645687103,
        -0.4286831319332123,
        -0.39896780252456665,
        0.41307419538497925,
        0.4346197545528412
    ],
    "DINACICLIB": [
        0.46404850482940674,
        0.35195958614349365,
        -0.41210561990737915,
        0.39249303936958313,
        -0.3801945745944977,
        0.41297703981399536,
        0.4367818534374237,
        -0.3715715706348419,
        0.3734932243824005,
        -0.4293001890182495,
        0.40295401215553284,
        0.46210166811943054,
        -0.4587012827396393,
        -0.4680284559726715,
        0.37884366512298584,
        0.4607658088207245
    ],
    "DOXORUBICIN": [
        0.4281919002532959,
        0.44540607929229736,
        -0.390699177980423,
        0.4526991844177246,
        -0.36280933022499084,
        0.4117835760116577,
        0.42588740587234497,
        -0.3786708414554596,
        0.43075934052467346,
        -0.42495453357696533,
        0.41230472922325134,
        0.3505967855453491,
        -0.4686276316642761,
        -0.427886039018631,
        0.3908083140850067,
        0.3993750810623169
    ],
    "ERLOTINIB": [
        0.4157606363296509,
        0.36913779377937317,
        -0.4833497107028961,
        0.3582547605037689,
        -0.3604741394519806,
        0.3775899410247803,
        0.42691877484321594,
        -0.485759437084198,
        0.4372060298919678,
        -0.41379961371421814,
        0.43786612153053284,
        0.4028512239456177,
        -0.4136153757572174,
        -0.4197221100330353,
        0.4477098882198334,
        0.4260540306568146
    ],
    "ETOPOSIDE": [
        0.40070152282714844,
        0.4234989583492279,
        -0.43770596385002136,
        0.39018189907073975,
        -0.43497174978256226,
        0.4054981768131256,
        0.460541695356369,
        -0.38097715377807617,
        0.34939515590667725,
        -0.42066389322280884,
        0.4195893406867981,
        0.443168580532074,
        -0.43665340542793274,
        -0.4278993606567383,
        0.39243781566619873,
        0.4616406261920929
    ],
    "GELDANAMYCIN": [
        0.367590993642807,
        0.3749476373195648,
        -0.395766943693161,
        0.39489415287971497,
        -0.4431886076927185,
        0.4284988343715668,
        0.4508454501628876,
        -0.4020768105983734,
        0.45294684171676636,
        -0.4147731363773346,
        0.38843774795532227,
        0.4004719853401184,
        -0.3666599988937378,
        -0.4030657410621643,
        0.46119439601898193,
        0.4482765197753906
    ],
    "GEMCITABINE": [
        0.4186974763870239,
        0.35114631056785583,
        -0.34577298164367676,
        0.3922361731529236,
        -0.43829697370529175,
        0.40938612818717957,
        0.4433096647262573,
        -0.4287853240966797,
        0.42296597361564636,
        -0.3822510242462158,
        0.44320470094680786,
        0.36798295378685,
        -0.3739984929561615,
        -0.40648025274276733,
        0.4015265107154846,
        0.4381234645843506
    ],
    "L778123": [
        0.45672670006752014,
        0.42901891469955444,
        -0.42950865626335144,
        0.437429815530777,
        -0.381002277135849,
        0.4062763750553131,
        0.4585760235786438,
        -0.3795047998428345,
        0.35968443751335144,
        -0.4523007869720459,
        0.3776891827583313,
        0.45999452471733093,
        -0.37183788418769836,
        -0.38424772024154663,
        0.42869478464126587,
        0.43362393975257874
    ],