{
    "5-FU": [
        -0.42430853843688965,
        -0.4514768719673157,
        0.46200597286224365,
        -0.47159233689308167,
        -0.4214065670967102,
        0.42372405529022217,
        0.4621081054210663,
        0.40259623527526855,
        -0.3267698884010315,
        0.4114454388618469,
        0.24448508024215698,
        0.46243777871131897,
        0.46970829367637634,
        0.37979793548583984,
        -0.3217942416667938,
        -0.3615786135196686
    ],
    "ABT-888": [
        -0.44702014327049255,
        -0.4967229664325714,
        0.5089238882064819,
        -0.43992891907691956,
        -0.46956637501716614,
        0.5044316649436951,
        0.43605613708496094,
        0.5085705518722534,
        -0.4770384430885315,
        0.43771687150001526,
        0.483847439289093,
        0.4806413948535919,
        0.4700395166873932,
        0.48173725605010986,
        -0.41087669134140015,
        -0.5045301914215088
    ],
    "AZD1775": [
        -0.4774636924266815,
        -0.44840317964553833,
        0.43626198172569275,
        -0.4920531213283539,
        -0.5096620321273804,
        0.415202796459198,
        0.5024151802062988,
        0.45301690697669983,
        -0.4776378571987152,
        0.46206215023994446,
        0.46129804849624634,
        0.45781007409095764,
        0.47527164220809937,
        0.49782657623291016,
        -0.49619966745376587,
        -0.490765243768692
    ],
    "BEZ-235": [
        -0.49747592210769653,
        -0.4316951334476471,
        0.4508798122406006,
        -0.5204668045043945,
        -0.5232134461402893,
        0.44584211707115173,
        0.518241822719574,
        0.47148841619491577,
        -0.5364506244659424,
        0.5258285403251648,
        0.4947243928909302,
        0.458345502614975,
        0.4676094353199005,
        0.5168642401695251,
        -0.5430619716644287,
        -0.4840935170650482
    ],
    "BORTEZOMIB": [
        -0.4798876941204071,
        -0.4015011191368103,
        0.48434194922447205,
        -0.4870668351650238,
        -0.47775939106941223,
        0.45831069350242615,
        0.43348440527915955,
        0.46705254912376404,
        -0.43331000208854675,
        0.4815564453601837,
        0.39399996399879456,
        0.5151087045669556,
        0.46436959505081177,
        0.4533737599849701,
        -0.38760825991630554,
        -0.5085048675537109
    ],
    "CARBOPLATIN": [
        -0.5075140595436096,
        -0.47739535570144653,
        0.4008772075176239,
        -0.5027429461479187,
        -0.45503249764442444,
        0.43814462423324585,
        0.3923517167568207,
        0.43949687480926514,
        -0.3930453956127167,
        0.41143569350242615,
        0.27793005108833313,
        0.4189148247241974,
        0.42734625935554504,
        0.3724631369113922,
        -0.36983412504196167,
        -0.36338889598846436
    ],
    "CYCLOPHOSPHAMIDE": [
        -0.3964143395423889,
        -0.4753268361091614,
        0.3829680383205414,
        -0.44760969281196594,
        -0.43049857020378113,
        0.418832927942276,
        0.45709630846977234,
        0.3726150095462799,
        -0.3691447079181671,
        0.45156794786453247,
        0.38589760661125183,
        0.43049734830856323,
        0.4597720205783844,
        0.34813451766967773,
        -0.4018666446208954,
        -0.3323745131492615
    ],
    "DASATINIB": [
        -0.483292818069458,
        -0.5155133605003357,
        0.4417794644832611,
        -0.4862818717956543,
        -0.4232085049152374,
        0.4735676646232605,
        0.45123133063316345,
        0.4148242175579071,
        -0.4116361737251282,
        0.491608202457428,
        0.42670342326164246,
        0.4266435205936432,
        0.4769348204135895,
        0.43608948588371277,
        -0.40344804525375366,
        -0.4943985939025879
    ],
    "DEXAMETHASONE": [
        -0.4325379431247711,
        -0.4492433965206146,
        0.4274943172931671,
        -0.5146756768226624,
        -0.5028600692749023,
        0.4927951395511627,
        0.42846614122390747,
        0.5475462079048157,
        -0.42735013365745544,
        0.52431720495224,
        0.5286750197410583,
        0.4629959762096405,
        0.4381009042263031,
        0.5513312816619873,
        -0.4779307246208191,
        -0.5039580464363098
    ],
    "DINACICLIB": [
        -0.48560529947280884,
        -0.4505588412284851,
        0.5257392525672913,
        -0.5076890587806702,
        -0.4488970935344696,
        0.44526252150535583,
        0.423013836145401,
        0.4281422197818756,
        -0.5220658779144287,
        0.42493802309036255,
        0.48228949308395386,
        0.4728042483329773,
        0.41614243388175964,
        0.5078209638595581,
        -0.5339371562004089,
        -0.44993141293525696
    ],
    "DOXORUBICIN": [
        -0.4422967731952667,
        -0.49861887097358704,
        0.5050365328788757,
        -0.4095251262187958,
        -0.5049570798873901,
        0.3991296887397766,
        0.4076935052871704,
        0.39572933316230774,
        -0.49626824259757996,
        0.4200882315635681,
        0.50100177526474,
        0.4848731756210327,
        0.43611645698547363,
        0.408291757106781,
        -0.5077455043792725,
        -0.5041636228561401
    ],
    "ERLOTINIB": [
        -0.4689212739467621,
        -0.4434759318828583,
        0.49622225761413574,
        -0.46257641911506653,
        -0.4954643249511719,
        0.48549699783325195,
        0.4625040590763092,
        0.48052728176116943,
        -0.5092095732688904,
        0.445222407579422,
        0.5055459141731262,
        0.4301467537879944,
        0.5146116018295288,
        0.5183684825897217,
        -0.43612730503082275,
        -0.515407145023346
    ],
    "ETOPOSIDE": [
        -0.4642861783504486,
        -0.5189453363418579,
        0.45387521386146545,
        -0.4323361814022064,
        -0.46586135029792786,
        0.47571489214897156,
        0.46671923995018005,
        0.5084391236305237,
        -0.4177064299583435,
        0.4679016172885895,
        0.40833762288093567,
        0.5095037221908569,
        0.49801987409591675,
        0.4958134591579437,
        -0.42953062057495117,
        -0.4641501307487488
    ],
    "GELDANAMYCIN": [
        -0.44915488362312317,
        -0.4145652651786804,
        0.4931164085865021,
        -0.5052905082702637,
        -0.5144626498222351,
        0.40142473578453064,
        0.5005152821540833,
        0.4509863555431366,
        -0.4326230585575104,
        0.5110172629356384,
        0.514555811882019,
        0.519930362701416,
        0.4185396134853363,
        0.4296318292617798,
        -0.4621335566043854,
        -0.5133071541786194
    ],
    "GEMCITABINE": [
        -0.4034190773963928,
        -0.4488050043582916,
        0.48104193806648254,
        -0.4835464060306549,
        -0.371448814868927,
        0.41746968030929565,
        0.3894635736942291,
        0.4224399924278259,
        -0.3526667654514313,
        0.4784717559814453,
        0.2712797224521637,
        0.4408324956893921,
        0.46219387650489807,
        0.34620556235313416,
        -0.44586071372032166,
        -0.4196418225765228
    ],
    "L778123": [
        -0.45213574171066284,
        -0.45029470324516296,
        0.43123292922973633,
        -0.4603162407875061,
        -0.4663810729980469,
        0.49541375041007996,
        0.48670241236686707,
        0.5113115906715393,
        -0.49528375267982483,
        0.47550705075263977,
        0.45579496026039124,
        0.4408721923828125,
        0.4610383212566376,
        0.4711434245109558,
        -0.5050612092018127,
        -0.48306792974472046
    ],