{
    "5-FU": [
        0.676765501499176,
        0.747606098651886,
        -0.7442118525505066,
        -0.6510031819343567,
        -0.5751718282699585,
        -0.5881902575492859,
        -0.7520673871040344,
        -0.7263429164886475
    ],
    "ABT-888": [
        0.5002799034118652,
        0.555708646774292,
        -0.6182693839073181,
        -0.7643174529075623,
        -0.7383196949958801,
        -0.670369029045105,
        -0.5965860486030579,
        -0.6843366622924805
    ],
    "AZD1775": [
        0.6449495553970337,
        0.5714260935783386,
        -0.5447085499763489,
        -0.7249100804328918,
        -0.7205695509910583,
        -0.7446203827857971,
        -0.6573739051818848,
        -0.6633967161178589
    ],
    "BEZ-235": [
        0.6539347767829895,
        0.6568395495414734,
        -0.6296386122703552,
        -0.7457828521728516,
        -0.5312116146087646,
        -0.6791495680809021,
        -0.7780763506889343,
        -0.6376479268074036
    ],
    "BORTEZOMIB": [
        0.7636183500289917,
        0.617296576499939,
        -0.70728999376297,
        -0.5820565223693848,
        -0.7407727837562561,
        -0.7032656669616699,
        -0.7364221215248108,
        -0.5470220446586609
    ],
    "CARBOPLATIN": [
        0.43820637464523315,
        0.5103198885917664,
        -0.5458157658576965,
        -0.7136447429656982,
        -0.6455802321434021,
        -0.4697374701499939,
        -0.4888095259666443,
        -0.764462411403656
    ],
    "CYCLOPHOSPHAMIDE": [
        0.6999498605728149,
        0.5325920581817627,
        -0.471347838640213,
        -0.5066196322441101,
        -0.6992652416229248,
        -0.7556870579719543,
        -0.6533678770065308,
        -0.7127116918563843
    ],
    "DASATINIB": [
        0.6635311245918274,
        0.6165432929992676,
        -0.5795037150382996,
        -0.6076391339302063,
        -0.7532933354377747,
        -0.6942043900489807,
        -0.7238139510154724,
        -0.7340139746665955
    ],
    "DEXAMETHASONE": [
        0.4445720911026001,
        0.5989189147949219,
        -0.49209538102149963,
        -0.5986732244491577,
        -0.7436255812644958,
        -0.5731587409973145,
        -0.7196305394172668,
        -0.7211276292800903
    ],
    "DINACICLIB": [
        0.6119029521942139,
        0.7551018595695496,
        -0.7153680324554443,
        -0.7131231427192688,
        -0.6229643225669861,
        -0.7333875298500061,
        -0.6226000785827637,
        -0.6133105158805847
    ],
    "DOXORUBICIN": [
        0.7183306813240051,
        0.5263413190841675,
        -0.7103774547576904,
        -0.7247216105461121,
        -0.48447805643081665,
        -0.5463904738426208,
        -0.6938909292221069,
        -0.6659372448921204
    ],
    "ERLOTINIB": [
        0.7134820222854614,
        0.6475518345832825,
        -0.6833478212356567,
        -0.6066667437553406,
        -0.5794954895973206,
        -0.7670162320137024,
        -0.6769276857376099,
        -0.6705434918403625
    ],
    "ETOPOSIDE": [
        0.6516662836074829,
        0.7078419327735901,
        -0.7274492979049683,
        -0.7206217646598816,
        -0.5097180008888245,
        -0.610535740852356,
        -0.6756239533424377,
        -0.6732845902442932
    ],
    "GELDANAMYCIN": [
        0.6465540528297424,
        0.7844207882881165,
        -0.7072514295578003,
        -0.5248180627822876,
        -0.5854716300964355,
        -0.678394079208374,
        -0.655521810054779,
        -0.643215537071228
    ],
    "GEMCITABINE": [
        0.6791529655456543,
        0.6292480826377869,
        -0.496808797121048,
        -0.5100050568580627,
        -0.5996364951133728,
        -0.6889386773109436,
        -0.6897274851799011,
        -0.7234495878219604
    ],
    "L778123": [
        0.6992270946502686,
        0.6825968027114868,
        -0.6512278318405151,
        -0.6152833104133606,
        -0.6201844811439514,
        -0.682965874671936,
        -0.7074680924415588,
        -0.7516968846321106
    ],
    "LAPATINIB": [
        0.7827327251434326,
        0.7668497562408447,
        -0.7360786199569702,
        -0.691760778427124,
        -0.7488706111907959,
        -0.5625420808792114,
        -0.6143389344215393,
        -0.4945633113384247
    ],
    "METFORMIN": [
        0.6677882075309753,
        0.6108848452568054,
        -0.69559645652771,
        -0.6793288588523865,
        -0.5168602466583252,
        -0.7182554006576538,
        -0.5850961208343506,
        -0.6831172108650208
    ],
    "METHOTREXATE": [
        0.6692676544189453,
        0.7950277924537659,
        -0.7070753574371338,
        -0.5356420278549194,
        -0.7337697744369507,
        -0.6172773838043213,
        -0.6034721732139587,
        -0.701495885848999
    ],
    "MITOMYCINE": [
        0.5874233245849609,
        0.7032644748687744,
        -0.5728182792663574,
        -0.5024355053901672,
        -0.4760008454322815,
        -0.7527872920036316,
        -0.6928414106369019,
        -0.7300282716751099
    ],
    "MK-2206": [
        0.6425844430923462,
        0.7463817000389099,
        -0.6582959890365601,
        -0.6891827583312988,
        -0.6335991024971008,
        -0.6206921339035034,
        -0.7431785464286804,
        -0.6308176517486572
    ],
    "MK-4541": [
        0.7111223936080933,
        0.5910698175430298,
        -0.5017449259757996,
        -0.6003692150115967,
        -0.588907778263092,
        -0.6242651343345642,
        -0.7719236612319946,
        -0.6061994433403015
    ],
    "MK-4827": [
        0.6726136207580566,
        0.5812833905220032,
        -0.7963963747024536,
        -0.6116647720336914,
        -0.6307411193847656,
        -0.6773883104324341,
        -0.6484904289245605,
        -0.7647557258605957
    ],
    "MK-5108": [
        0.6470110416412354,
        0.7516608834266663,
        -0.5476199388504028,
        -0.7148185968399048,
        -0.5950846076011658,
        -0.7057569026947021,
        -0.5595595836639404,
        -0.6899173855781555
    ],
    "MK-8669": [
        0.5536447763442993,
        0.6999630331993103,
        -0.7165508270263672,
        -0.5798388719558716,
        -0.7289512157440186,
        -0.5914965867996216,
        -0.7540099024772644,
        -0.5841379761695862
    ],
    "MK-8776": [
        0.7523310780525208,
        0.6057602763175964,
        -0.7012546062469482,
        -0.7706592082977295,
        -0.5881592631340027,
        -0.696114718914032,
        -0.7251421809196472,
        -0.5661457180976868
    ],
    "MRK-003": [
        0.732065737247467,
        0.6921907067298889,
        -0.5156211853027344,
        -0.7615146636962891,
        -0.7787358164787292,
        -0.514040470123291,
        -0.5296281576156616,
        -0.5489012002944946
    ],
    "OXALIPLATIN": [
        0.5002865791320801,
        0.7578153014183044,
        -0.7509520649909973,
        -0.7233415246009827,
        -0.5455957651138306,
        -0.5766650438308716,
        -0.5851714611053467,
        -0.7546600699424744
    ],
    "PACLITAXEL": [
        0.6264073252677917,
        0.53983473777771,
        -0.6900139451026917,
        -0.7086530327796936,
        -0.7102435231208801,
        -0.4866063892841339,
        -0.7075742483139038,
        -0.677718460559845
    ],
    "PD325901": [
        0.7368807196617126,
        0.6585273146629333,
        -0.6840829849243164,
        -0.6020986437797546,
        -0.6508747935295105,
        -0.7281031012535095,
        -0.6514140963554382,
        -0.6100482940673828
    ],
    "SN-38": [
        0.6555989384651184,
        0.7363091111183167,
        -0.6853691339492798,
        -0.5650768876075745,
        -0.711940348148346,
        -0.5710902810096741,
        -0.5506666302680969,
        -0.6113370060920715
    ],