{
    "5-FU": [
        0.3913925886154175,
        0.33719930052757263,
        0.2798411548137665,
        -0.39341965317726135,
        -0.35862699151039124,
        -0.3491387665271759,
        -0.3511410653591156,
        0.3700924217700958,
        -0.39004939794540405,
        0.36511680483818054,
        -0.37349650263786316,
        -0.3146112859249115,
        -0.3243526816368103,
        -0.33841007947921753,
        0.2950541377067566,
        -0.3200782835483551
    ],
    "ABT-888": [
        0.3580895662307739,
        0.39776498079299927,
        0.33746787905693054,
        -0.3244383633136749,
        -0.32093578577041626,
        -0.3386910557746887,
        -0.3505890965461731,
        0.2800889015197754,
        -0.3619673252105713,
        0.3006945252418518,
        -0.28260451555252075,
        -0.3929150402545929,
        -0.3941074311733246,
        -0.32522544264793396,
        0.31446200609207153,
        -0.37858152389526367
    ],
    "AZD1775": [
        0.31159546971321106,
        0.3438735902309418,
        0.339501291513443,
        -0.36008182168006897,
        -0.32552483677864075,
        -0.3942789137363434,
        -0.36385005712509155,
        0.3040626347064972,
        -0.2859482169151306,
        0.325918048620224,
        -0.35640600323677063,
        -0.36017969250679016,
        -0.36547741293907166,
        -0.29806452989578247,
        0.3161746561527252,
        -0.3307103216648102
    ],
    "BEZ-235": [
        0.2908326983451843,
        0.3945053219795227,
        0.3682722747325897,
        -0.3793746531009674,
        -0.29959747195243835,
        -0.3950931429862976,
        -0.3940002918243408,
        0.3540344834327698,
        -0.27419471740722656,
        0.38540929555892944,
        -0.38760578632354736,
        -0.35335859656333923,
        -0.3324532210826874,
        -0.28429991006851196,
        0.3624379336833954,
        -0.37826305627822876
    ],
    "BORTEZOMIB": [
        0.38556453585624695,
        0.34532639384269714,
        0.359569251537323,
        -0.3453870415687561,
        -0.32275092601776123,
        -0.37280064821243286,
        -0.29327699542045593,
        0.2998603582382202,
        -0.38590121269226074,
        0.2861897051334381,
        -0.3711921274662018,
        -0.3908154368400574,
        -0.33726030588150024,
        -0.3659443259239197,
        0.3317159116268158,
        -0.37375780940055847
    ],
    "CARBOPLATIN": [
        0.36877304315567017,
        0.27743417024612427,
        0.34682562947273254,
        -0.3611370921134949,
        -0.3884645998477936,
        -0.3339208662509918,
        -0.36820468306541443,
        0.36744487285614014,
        -0.36007723212242126,
        0.3629342019557953,
        -0.3752904236316681,
        -0.3351152241230011,
        -0.3619212210178375,
        -0.3375850319862366,
        0.2830919325351715,
        -0.3736175298690796
    ],
    "CYCLOPHOSPHAMIDE": [
        0.3175027668476105,
        0.37241360545158386,
        0.3682999610900879,
        -0.2786576747894287,
        -0.3968326449394226,
        -0.31702524423599243,
        -0.279649019241333,
        0.3186962902545929,
        -0.37383994460105896,
        0.35855647921562195,
        -0.34450915455818176,
        -0.302680641412735,
        -0.34638476371765137,
        -0.3461139500141144,
        0.3716622292995453,
        -0.39389127492904663
    ],
    "DASATINIB": [
        0.3885861337184906,
        0.301023930311203,
        0.28255194425582886,
        -0.3758518695831299,
        -0.35915806889533997,
        -0.3034614622592926,
        -0.2964927852153778,
        0.393519788980484,
        -0.3204568922519684,
        0.340387761592865,
        -0.32218286395072937,
        -0.34891876578330994,
        -0.35681143403053284,
        -0.31510499119758606,
        0.3162968158721924,
        -0.37262576818466187
    ],
    "DEXAMETHASONE": [
        0.37345561385154724,
        0.35442063212394714,
        0.28169122338294983,
        -0.37460649013519287,
        -0.31425371766090393,
        -0.2820277214050293,
        -0.3922260105609894,
        0.37866535782814026,
        -0.30037373304367065,
        0.29201576113700867,
        -0.2988092303276062,
        -0.37924396991729736,
        -0.3298408091068268,
        -0.36226174235343933,
        0.3622446656227112,
        -0.3970218300819397
    ],
    "DINACICLIB": [
        0.3139815330505371,
        0.33038198947906494,
        0.28177598118782043,
        -0.30748963356018066,
        -0.2926078140735626,
        -0.3392919898033142,
        -0.3585786819458008,
        0.3960607349872589,
        -0.3855651021003723,
        0.3514602780342102,
        -0.3367111086845398,
        -0.3644251227378845,
        -0.38826557993888855,
        -0.37664833664894104,
        0.33892107009887695,
        -0.341247022151947
    ],
    "DOXORUBICIN": [
        0.37726444005966187,
        0.3462221324443817,
        0.31527474522590637,
        -0.34716930985450745,
        -0.31255316734313965,
        -0.36391112208366394,
        -0.3465673327445984,
        0.28537774085998535,
        -0.377895712852478,
        0.32283610105514526,
        -0.36595797538757324,
        -0.28974103927612305,
        -0.3553108274936676,
        -0.30615565180778503,
        0.3709048926830292,
        -0.3646961450576782
    ],
    "ERLOTINIB": [
        0.3006433844566345,
        0.3905894160270691,
        0.3038783371448517,
        -0.3424098789691925,
        -0.3192685544490814,
        -0.3730137050151825,
        -0.3217048645019531,
        0.3832205533981323,
        -0.30596140027046204,
        0.31817105412483215,
        -0.2809724807739258,
        -0.4015158414840698,
        -0.33204156160354614,
        -0.3677050769329071,
        0.34925171732902527,
        -0.33344265818595886
    ],
    "ETOPOSIDE": [
        0.3208087086677551,
        0.33370813727378845,
        0.3046227991580963,
        -0.3782925307750702,
        -0.3863290548324585,
        -0.29520899057388306,
        -0.39952629804611206,
        0.34207579493522644,
        -0.37857019901275635,
        0.39494624733924866,
        -0.32616961002349854,
        -0.2786836326122284,
        -0.30667412281036377,
        -0.34789231419563293,
        0.37308788299560547,
        -0.37338316440582275
    ],
    "GELDANAMYCIN": [
        0.350905179977417,
        0.33915022015571594,
        0.33670714497566223,
        -0.37370726466178894,
        -0.35562410950660706,
        -0.30058690905570984,
        -0.39452433586120605,
        0.36450275778770447,
        -0.38421377539634705,
        0.3040948808193207,
        -0.34525126218795776,
        -0.35631802678108215,
        -0.3705848455429077,
        -0.31863927841186523,
        0.3468186855316162,
        -0.3006620407104492
    ],
    "GEMCITABINE": [
        0.3462274670600891,
        0.39941659569740295,
        0.31751731038093567,
        -0.3016297221183777,
        -0.34507012367248535,
        -0.39170750975608826,
        -0.33415839076042175,
        0.3296130895614624,
        -0.28962916135787964,
        0.3467159867286682,
        -0.3313460052013397,
        -0.33111077547073364,
        -0.3921496570110321,
        -0.34364426136016846,
        0.3462256193161011,
        -0.33513444662094116
    ],
    "L778123": [
        0.37998533248901367,
        0.39600610733032227,
        0.3492840528488159,
        -0.2778491675853729,
        -0.3493208885192871,
        -0.38172781467437744,
        -0.3027159571647644,
        0.3229416310787201,
        -0.39416012167930603,
        0.31809568405151367,
        -0.3866287171840668,
        -0.329789400100708,
        -0.3660525679588318,
        -0.35792964696884155,
        0.34085148572921753,
        -0.28548577427864075
    ],