{
    "5-FU": [
        -0.45390066504478455,
        -0.20481346547603607,
        0.23118938505649567,
        -0.6950575113296509,
        0.39072689414024353,
        0.4989478886127472,
        -0.1689998358488083,
        -0.5358694195747375,
        0.5408543944358826,
        0.4803522825241089,
        0.2514578104019165,
        0.49238231778144836,
        0.7883268594741821,
        -0.44847047328948975,
        -0.3311341404914856,
        0.3177390694618225
    ],
    "ABT-888": [
        -0.6012335419654846,
        -0.5036993622779846,
        0.5166522860527039,
        -0.6973229050636292,
        -0.7975806593894958,
        0.4138084053993225,
        -0.32207122445106506,
        -0.43741580843925476,
        0.5353988409042358,
        0.49266311526298523,
        0.3826357424259186,
        0.40638700127601624,
        0.4969084858894348,
        -0.6100336313247681,
        -0.4819542467594147,
        0.41778993606567383
    ],
    "AZD1775": [
        -0.5791797637939453,
        -0.5252470374107361,
        0.4674551784992218,
        -0.6737861633300781,
        -0.6421406865119934,
        0.4707682728767395,
        -0.3261253833770752,
        -0.4829360842704773,
        0.5879043936729431,
        0.49926185607910156,
        0.4101659059524536,
        0.45354577898979187,
        0.5515235662460327,
        -0.541717529296875,
        -0.5020958781242371,
        0.4492558538913727
    ],
    "BEZ-235": [
        -0.6731182932853699,
        -0.6676326394081116,
        0.6490761041641235,
        -0.6197871565818787,
        -1.153573989868164,
        0.47922801971435547,
        -0.5472030639648438,
        -0.5077815651893616,
        0.5352638363838196,
        0.5258959531784058,
        0.6657024025917053,
        0.5527631044387817,
        0.43074193596839905,
        -0.6468013525009155,
        -0.6978086233139038,
        0.4997936487197876
    ],
    "BORTEZOMIB": [
        -0.5462549924850464,
        -0.4747275114059448,
        0.48960113525390625,
        -0.617750346660614,
        -0.2802739441394806,
        0.5108327865600586,
        -0.37267786264419556,
        -0.4726985692977905,
        0.6023493409156799,
        0.49322956800460815,
        0.3992020785808563,
        0.4935503602027893,
        0.4887131154537201,
        -0.52484530210495,
        -0.4925191402435303,
        0.46166473627090454
    ],
    "CARBOPLATIN": [
        -0.4216923117637634,
        -0.2103423774242401,
        0.26076793670654297,
        -0.5027977228164673,
        0.3286115825176239,
        0.5066143870353699,
        -0.19832783937454224,
        -0.42012447118759155,
        0.64539635181427,
        0.4494664967060089,
        0.3135805130004883,
        0.44617459177970886,
        0.677850604057312,
        -0.3607821762561798,
        -0.33773377537727356,
        0.4913841485977173
    ],
    "CYCLOPHOSPHAMIDE": [
        -0.31948474049568176,
        -0.32724860310554504,
        0.22318772971630096,
        -0.41790086030960083,
        0.25930556654930115,
        0.4188960790634155,
        -0.32135993242263794,
        -0.5019090175628662,
        0.5829778909683228,
        0.45155876874923706,
        0.21498295664787292,
        0.4027869701385498,
        0.7050890326499939,
        -0.4885774850845337,
        -0.443920373916626,
        0.38859644532203674
    ],
    "DASATINIB": [
        -0.48307859897613525,
        -0.4035987854003906,
        0.3663364350795746,
        -0.7193106412887573,
        -0.26002997159957886,
        0.4540836811065674,
        -0.22290533781051636,
        -0.46903160214424133,
        0.6592637896537781,
        0.5492537021636963,
        0.3211915194988251,
        0.44902554154396057,
        0.6045256853103638,
        -0.5328484177589417,
        -0.46119701862335205,
        0.3669421970844269
    ],
    "DEXAMETHASONE": [
        -0.43812084197998047,
        -0.64471834897995,
        0.6031196117401123,
        -0.35141420364379883,
        -0.6495545506477356,
        0.5351237654685974,
        -0.6642873883247375,
        -0.5599719882011414,
        0.38416504859924316,
        0.5447700023651123,
        0.7034463882446289,
        0.510204017162323,
        0.4937928020954132,
        -0.5061416625976562,
        -0.5818919539451599,
        0.5300773978233337
    ],
    "DINACICLIB": [
        -0.6069253087043762,
        -0.5080492496490479,
        0.44433942437171936,
        -0.732959508895874,
        -0.6001429557800293,
        0.43327075242996216,
        -0.31663063168525696,
        -0.437498539686203,
        0.6365973353385925,
        0.5030984282493591,
        0.3253558278083801,
        0.5326158404350281,
        0.5520631074905396,
        -0.5496795177459717,
        -0.44914305210113525,
        0.4483129680156708
    ],
    "DOXORUBICIN": [
        -0.47750598192214966,
        -0.5032171010971069,
        0.5165542960166931,
        -0.3217613101005554,
        -0.2103123962879181,
        0.6872149705886841,
        -0.66465163230896,
        -0.5244037508964539,
        0.3825052082538605,
        0.582791268825531,
        0.590247392654419,
        0.5540465116500854,
        0.4133886694908142,
        -0.3675902187824249,
        -0.4582672715187073,
        0.6198394298553467
    ],
    "ERLOTINIB": [
        -0.539929211139679,
        -0.6029043197631836,
        0.5771548748016357,
        -0.5056925415992737,
        -0.6622369289398193,
        0.5632470846176147,
        -0.5966260433197021,
        -0.4652075171470642,
        0.446529746055603,
        0.5321244597434998,
        0.5974805355072021,
        0.47930556535720825,
        0.45978114008903503,
        -0.4596201181411743,
        -0.4912847578525543,
        0.5645309686660767
    ],
    "ETOPOSIDE": [
        -0.47516506910324097,
        -0.5583831667900085,
        0.58050537109375,
        -0.19431708753108978,
        -0.2941078841686249,
        0.6145034432411194,
        -0.7672306299209595,
        -0.5569310188293457,
        0.43718937039375305,
        0.5816030502319336,
        0.6805036664009094,
        0.5504488348960876,
        0.3520878553390503,
        -0.3643046021461487,
        -0.4134771525859833,
        0.6759859919548035
    ],
    "GELDANAMYCIN": [
        -0.4066847562789917,
        -0.5211437940597534,
        0.5368174910545349,
        -0.3142194449901581,
        -0.31781622767448425,
        0.6293084621429443,
        -0.683151364326477,
        -0.5220285654067993,
        0.4473731517791748,
        0.5794338583946228,
        0.6328217387199402,
        0.521054744720459,
        0.47913047671318054,
        -0.45434701442718506,
        -0.43419915437698364,
        0.6113259792327881
    ],
    "GEMCITABINE": [
        -0.377215713262558,
        -0.24208146333694458,
        0.3302057087421417,
        -0.49654364585876465,
        0.34197142720222473,
        0.48126304149627686,
        -0.28950998187065125,
        -0.553805947303772,
        0.4892702102661133,
        0.5264020562171936,
        0.29796746373176575,
        0.4245459735393524,
        0.7221315503120422,
        -0.41499316692352295,
        -0.44293510913848877,
        0.4285254180431366
    ],
    "L778123": [
        -0.5913739800453186,
        -0.534559428691864,
        0.5345978736877441,
        -0.7108001708984375,
        -0.6766109466552734,
        0.36551767587661743,
        -0.41224443912506104,
        -0.5279604196548462,
        0.5583385229110718,
        0.43651506304740906,
        0.38327503204345703,
        0.4827922582626343,
        0.5869066715240479,
        -0.5399485230445862,
        -0.5698685050010681,
        0.4433020055294037
    ],