{
    "5-FU": [
        -0.5128099918365479,
        -0.2765725255012512,
        -0.3679845631122589,
        -0.31069958209991455,
        0.4405864179134369,
        -0.30986925959587097,
        -0.3714877665042877,
        0.3286716043949127,
        -0.3539380133152008,
        0.5279661417007446,
        -0.35846447944641113,
        -0.2697007954120636,
        -0.3244260847568512,
        -0.769858717918396,
        -0.34614893794059753,
        0.31932786107063293
    ],
    "ABT-888": [
        -0.4505515992641449,
        -0.47350820899009705,
        -0.4642776846885681,
        -0.4885391592979431,
        0.4434624910354614,
        -0.529564380645752,
        -0.5441625714302063,
        0.47209471464157104,
        -0.5445980429649353,
        0.4967174828052521,
        -0.5269951224327087,
        -0.45496273040771484,
        -0.5168328285217285,
        -0.5966184735298157,
        -0.5529447793960571,
        0.5452489256858826
    ],
    "AZD1775": [
        -0.3991302251815796,
        -0.5940479040145874,
        -0.5556504726409912,
        -0.45873895287513733,
        0.437660276889801,
        -0.5490511059761047,
        -0.4825485944747925,
        0.45559144020080566,
        -0.539085328578949,
        0.49524039030075073,
        -0.5235425233840942,
        -0.5103592872619629,
        -0.5800403952598572,
        -0.38637515902519226,
        -0.5317701697349548,
        0.5183387994766235
    ],
    "BEZ-235": [
        -0.45623159408569336,
        -0.652850866317749,
        -0.6193583607673645,
        -0.5920066237449646,
        0.5035675764083862,
        -0.6343034505844116,
        -0.5266002416610718,
        0.5468142032623291,
        -0.6021401286125183,
        0.49362823367118835,
        -0.562497079372406,
        -0.6920164227485657,
        -0.5951622128486633,
        -0.2738844156265259,
        -0.5793370604515076,
        0.5392630696296692
    ],
    "BORTEZOMIB": [
        -0.5473276972770691,
        -0.42311710119247437,
        -0.43856704235076904,
        -0.41602838039398193,
        0.5586350560188293,
        -0.4545208811759949,
        -0.4321363568305969,
        0.4460764527320862,
        -0.45218247175216675,
        0.5276612639427185,
        -0.40125221014022827,
        -0.4132249355316162,
        -0.44498977065086365,
        -0.6554380059242249,
        -0.4153100252151489,
        0.4043278098106384
    ],
    "CARBOPLATIN": [
        -0.6732393503189087,
        -0.11669735610485077,
        -0.2674104869365692,
        -0.31501373648643494,
        0.5776293873786926,
        -0.127829447388649,
        -0.44325950741767883,
        0.17209628224372864,
        -0.30624499917030334,
        0.5810606479644775,
        -0.2806776762008667,
        -0.09177125245332718,
        -0.13907301425933838,
        -0.9906109571456909,
        -0.34292080998420715,
        0.3634870648384094
    ],
    "CYCLOPHOSPHAMIDE": [
        -0.5951611995697021,
        -0.22043053805828094,
        -0.27883362770080566,
        -0.3091469705104828,
        0.4260673224925995,
        -0.1451272815465927,
        -0.48141878843307495,
        0.24847140908241272,
        -0.36690467596054077,
        0.5834808349609375,
        -0.3197944760322571,
        -0.1966342180967331,
        -0.19724799692630768,
        -0.9132612943649292,
        -0.25470760464668274,
        0.2929348647594452
    ],
    "DASATINIB": [
        -0.5144625306129456,
        -0.44032159447669983,
        -0.3965832591056824,
        -0.43806490302085876,
        0.48315510153770447,
        -0.40435799956321716,
        -0.4736870527267456,
        0.44507187604904175,
        -0.4335591495037079,
        0.45563510060310364,
        -0.4784572720527649,
        -0.38153770565986633,
        -0.4123341143131256,
        -0.5691031217575073,
        -0.4743988513946533,
        0.4197603762149811
    ],
    "DEXAMETHASONE": [
        -0.42700526118278503,
        -0.6144188046455383,
        -0.5876162052154541,
        -0.5614509582519531,
        0.4995390772819519,
        -0.5558310151100159,
        -0.5143259763717651,
        0.5398582816123962,
        -0.5326113700866699,
        0.3942014276981354,
        -0.5420230031013489,
        -0.6211854815483093,
        -0.5667546987533569,
        -0.24115121364593506,
        -0.5555930137634277,
        0.543017566204071
    ],
    "DINACICLIB": [
        -0.519350528717041,
        -0.5120661854743958,
        -0.44377920031547546,
        -0.548795223236084,
        0.5133281350135803,
        -0.5287929773330688,
        -0.5265191793441772,
        0.46209850907325745,
        -0.4627152383327484,
        0.46891337633132935,
        -0.4677267074584961,
        -0.4755226969718933,
        -0.4740227162837982,
        -0.46960797905921936,
        -0.4939761459827423,
        0.4996970295906067
    ],
    "DOXORUBICIN": [
        -0.5627143383026123,
        -0.38390716910362244,
        -0.39686641097068787,
        -0.48463159799575806,
        0.4609110355377197,
        -0.4385364353656769,
        -0.5442044138908386,
        0.46444621682167053,
        -0.5197572112083435,
        0.5091567635536194,
        -0.4625132381916046,
        -0.4518064558506012,
        -0.42758235335350037,
        -0.6471157670021057,
        -0.44407209753990173,
        0.47039464116096497
    ],
    "ERLOTINIB": [
        -0.4956347942352295,
        -0.5247204899787903,
        -0.5165085792541504,
        -0.4813351631164551,
        0.4446999728679657,
        -0.5568912625312805,
        -0.49861618876457214,
        0.5699445605278015,
        -0.4752599000930786,
        0.424111008644104,
        -0.5566992163658142,
        -0.5642864108085632,
        -0.5480234026908875,
        -0.4784381091594696,
        -0.5679543614387512,
        0.5779679417610168
    ],
    "ETOPOSIDE": [
        -0.44902846217155457,
        -0.37231919169425964,
        -0.47422322630882263,
        -0.4812780022621155,
        0.4963805079460144,
        -0.43864893913269043,
        -0.5276119112968445,
        0.5061079263687134,
        -0.468379944562912,
        0.4872435927391052,
        -0.5243605971336365,
        -0.40917259454727173,
        -0.4257120192050934,
        -0.5933789610862732,
        -0.4546501636505127,
        0.5136149525642395
    ],
    "GELDANAMYCIN": [
        -0.5090880990028381,
        -0.5194429159164429,
        -0.47304046154022217,
        -0.5342699885368347,
        0.5486942529678345,
        -0.41989952325820923,
        -0.46840909123420715,
        0.5223648548126221,
        -0.481842041015625,
        0.5540584325790405,
        -0.5361936092376709,
        -0.5293769836425781,
        -0.4553183615207672,
        -0.49731865525245667,
        -0.4528248608112335,
        0.4189417064189911
    ],
    "GEMCITABINE": [
        -0.5626693964004517,
        -0.26182493567466736,
        -0.34521427750587463,
        -0.35182803869247437,
        0.4999513328075409,
        -0.16285689175128937,
        -0.5307862758636475,
        0.24209482967853546,
        -0.42736151814460754,
        0.6226220726966858,
        -0.2828719913959503,
        -0.1646440476179123,
        -0.23988944292068481,
        -1.0090234279632568,
        -0.27994054555892944,
        0.33230483531951904
    ],
    "L778123": [
        -0.4556610882282257,
        -0.5252283215522766,
        -0.5213809609413147,
        -0.5613953471183777,
        0.5368450284004211,
        -0.5348291993141174,
        -0.5045022964477539,
        0.49235013127326965,
        -0.5013154149055481,
        0.516319990158081,
        -0.4535808265209198,
        -0.4703395366668701,
        -0.4918477535247803,
        -0.4742615818977356,
        -0.4772655963897705,
        0.4715650677680969
    ],