{
    "5-FU": [
        0.5904543399810791,
        0.5467894673347473,
        0.5670456290245056,
        0.5322574377059937,
        0.6265534162521362,
        0.5769498944282532,
        0.693213701248169,
        0.6855732202529907
    ],
    "ABT-888": [
        0.575901985168457,
        0.552297055721283,
        0.7273090481758118,
        0.5956699252128601,
        0.566338300704956,
        0.5189706683158875,
        0.6666508913040161,
        0.5660620331764221
    ],
    "AZD1775": [
        0.49166929721832275,
        0.7179111242294312,
        0.6164991855621338,
        0.6648021340370178,
        0.6796811819076538,
        0.6440340876579285,
        0.5183728337287903,
        0.5872527360916138
    ],
    "BEZ-235": [
        0.7318519353866577,
        0.6736689805984497,
        0.5474528670310974,
        0.6474864482879639,
        0.5437769293785095,
        0.6040816307067871,
        0.5157169699668884,
        0.5927273035049438
    ],
    "BORTEZOMIB": [
        0.720724880695343,
        0.5332609415054321,
        0.5844578146934509,
        0.6107922196388245,
        0.5727059841156006,
        0.6404460072517395,
        0.5899074077606201,
        0.5450082421302795
    ],
    "CARBOPLATIN": [
        0.5684448480606079,
        0.5336560606956482,
        0.5307219624519348,
        0.6692005395889282,
        0.5118223428726196,
        0.6381943225860596,
        0.5017480254173279,
        0.6466920375823975
    ],
    "CYCLOPHOSPHAMIDE": [
        0.7104708552360535,
        0.5826581716537476,
        0.5400167107582092,
        0.5630636811256409,
        0.6997345685958862,
        0.6015685200691223,
        0.674089789390564,
        0.46095502376556396
    ],
    "DASATINIB": [
        0.5345965027809143,
        0.713951587677002,
        0.70378178358078,
        0.6870887875556946,
        0.5907745361328125,
        0.5707589387893677,
        0.552035927772522,
        0.6117088794708252
    ],
    "DEXAMETHASONE": [
        0.6837930679321289,
        0.7125645279884338,
        0.5389679074287415,
        0.49231040477752686,
        0.6785544753074646,
        0.690841555595398,
        0.5360451340675354,
        0.48843371868133545
    ],
    "DINACICLIB": [
        0.7184579968452454,
        0.6175857186317444,
        0.645062267780304,
        0.5841164588928223,
        0.6937734484672546,
        0.6234816312789917,
        0.5839878916740417,
        0.4896060824394226
    ],
    "DOXORUBICIN": [
        0.6720753908157349,
        0.6691252589225769,
        0.5844749808311462,
        0.5431841611862183,
        0.6877360939979553,
        0.5991358160972595,
        0.6598746180534363,
        0.5411872863769531
    ],
    "ERLOTINIB": [
        0.6803690791130066,
        0.5158175230026245,
        0.5985644459724426,
        0.5795172452926636,
        0.7173090577125549,
        0.6437898278236389,
        0.6007431149482727,
        0.5928291082382202
    ],
    "ETOPOSIDE": [
        0.541864275932312,
        0.6419746279716492,
        0.6270495057106018,
        0.5239646434783936,
        0.7089036703109741,
        0.6117491722106934,
        0.5410078167915344,
        0.6219426989555359
    ],
    "GELDANAMYCIN": [
        0.5553426146507263,
        0.6755008697509766,
        0.6868180632591248,
        0.6556528806686401,
        0.5139920711517334,
        0.570753812789917,
        0.6703662276268005,
        0.6666972041130066
    ],
    "GEMCITABINE": [
        0.5403788685798645,
        0.6873271465301514,
        0.5400745868682861,
        0.507777750492096,
        0.5932537913322449,
        0.6024600863456726,
        0.6682630777359009,
        0.604682981967926
    ],
    "L778123": [
        0.5237079858779907,
        0.5747800469398499,
        0.6261553764343262,
        0.5972093343734741,
        0.7234960198402405,
        0.5412647724151611,
        0.7231547832489014,
        0.6449025273323059
    ],
    "LAPATINIB": [
        0.6925092935562134,
        0.602600634098053,
        0.595377504825592,
        0.6386617422103882,
        0.501768946647644,
        0.7111924886703491,
        0.5840543508529663,
        0.6475817561149597
    ],
    "METFORMIN": [
        0.6425417065620422,
        0.6253451704978943,
        0.5841954350471497,
        0.6426432728767395,
        0.6398557424545288,
        0.6123762130737305,
        0.6307390332221985,
        0.6233919858932495
    ],
    "METHOTREXATE": [
        0.5808207988739014,
        0.6710925698280334,
        0.6287236213684082,
        0.6376236081123352,
        0.5260297060012817,
        0.6535500288009644,
        0.533386766910553,
        0.6795041561126709
    ],
    "MITOMYCINE": [
        0.6778628826141357,
        0.7303911447525024,
        0.5959914326667786,
        0.5273613333702087,
        0.5203482508659363,
        0.49200642108917236,
        0.6747993230819702,
        0.6266046762466431
    ],
    "MK-2206": [
        0.6468015909194946,
        0.6996333003044128,
        0.6555273532867432,
        0.5464608073234558,
        0.6525229811668396,
        0.646746814250946,
        0.5914697647094727,
        0.6391719579696655
    ],
    "MK-4541": [
        0.4658358097076416,
        0.7024111151695251,
        0.5314638018608093,
        0.6365075707435608,
        0.5978870391845703,
        0.631628692150116,
        0.5791516304016113,
        0.7135984301567078
    ],
    "MK-4827": [
        0.6942052841186523,
        0.6109908223152161,
        0.590510904788971,
        0.6817679405212402,
        0.5535750985145569,
        0.5098555088043213,
        0.6987159252166748,
        0.5859361886978149
    ],
    "MK-5108": [
        0.6579733490943909,
        0.6516646146774292,
        0.5184229612350464,
        0.5694699883460999,
        0.5997859239578247,
        0.582632303237915,
        0.6370501518249512,
        0.6424564123153687
    ],
    "MK-8669": [
        0.5283432006835938,
        0.5381961464881897,
        0.6030468344688416,
        0.6106419563293457,
        0.6608626842498779,
        0.646580159664154,
        0.6986696720123291,
        0.5678113698959351
    ],
    "MK-8776": [
        0.5870144367218018,
        0.536873996257782,
        0.6668985486030579,
        0.5665281414985657,
        0.6067059636116028,
        0.6307646036148071,
        0.7087158560752869,
        0.6063293218612671
    ],
    "MRK-003": [
        0.5907971262931824,
        0.6897005438804626,
        0.5835484266281128,
        0.48074573278427124,
        0.6902556419372559,
        0.6689485907554626,
        0.48685526847839355,
        0.6862539649009705
    ],
    "OXALIPLATIN": [
        0.6171253323554993,
        0.5750067830085754,
        0.6486175060272217,
        0.5395628213882446,
        0.6873932480812073,
        0.5534828901290894,
        0.6715733408927917,
        0.6230043172836304
    ],
    "PACLITAXEL": [
        0.6689453721046448,
        0.6096552610397339,
        0.6355594396591187,
        0.6882165670394897,
        0.6083376407623291,
        0.5318905115127563,
        0.5581138730049133,
        0.5981157422065735
    ],
    "PD325901": [
        0.5816540718078613,
        0.5418657660484314,
        0.5890958905220032,
        0.6515552997589111,
        0.5118979811668396,
        0.592957615852356,
        0.6778051257133484,
        0.721303403377533
    ],
    "SN-38": [
        0.463655024766922,
        0.6043093800544739,
        0.592233419418335,
        0.7022141218185425,
        0.5667212009429932,
        0.6521718502044678,
        0.6035457253456116,
        0.7280626893043518
    ],
    "SORAFENIB": [
        0.5022660493850708,
        0.616482675075531,
        0.5713099837303162,
        0.619792103767395,
        0.5611924529075623,
        0.6065155863761902,
        0.6549086570739746,
        0.7233706712722778
    ],