{
    "5-FU": [
        -0.42581480741500854,
        0.48453226685523987,
        -0.49434980750083923,
        -0.49324914813041687,
        -0.4268187880516052,
        0.47119927406311035,
        0.4845624268054962,
        0.45305392146110535,
        -0.5114259123802185,
        0.4295416474342346,
        -0.42046424746513367,
        0.4073871672153473,
        0.454508513212204,
        -0.5169264078140259,
        -0.3993074893951416,
        -0.40059390664100647
    ],
    "ABT-888": [
        -0.47615745663642883,
        0.4798641502857208,
        -0.40478572249412537,
        -0.4250389635562897,
        -0.4104872941970825,
        0.4727863669395447,
        0.38703468441963196,
        0.44695818424224854,
        -0.46384650468826294,
        0.4968370795249939,
        -0.4348488748073578,
        0.46928349137306213,
        0.40891799330711365,
        -0.3878246545791626,
        -0.43922826647758484,
        -0.463582307100296
    ],
    "AZD1775": [
        -0.49641507863998413,
        0.42120760679244995,
        -0.4574885070323944,
        -0.4608640968799591,
        -0.42508625984191895,
        0.41777303814888,
        0.40084221959114075,
        0.4803643226623535,
        -0.4984537959098816,
        0.3970544636249542,
        -0.4837973117828369,
        0.41160354018211365,
        0.48996245861053467,
        -0.4699768126010895,
        -0.4993535578250885,
        -0.4084753394126892
    ],
    "BEZ-235": [
        -0.49643129110336304,
        0.43897420167922974,
        -0.4114331901073456,
        -0.44505637884140015,
        -0.45490947365760803,
        0.42550551891326904,
        0.44732192158699036,
        0.5099880695343018,
        -0.4797127842903137,
        0.4172211289405823,
        -0.49524959921836853,
        0.44277095794677734,
        0.4234555661678314,
        -0.49128565192222595,
        -0.46574845910072327,
        -0.4114078879356384
    ],
    "BORTEZOMIB": [
        -0.4674209952354431,
        0.4589977264404297,
        -0.5008423924446106,
        -0.4238727390766144,
        -0.45523715019226074,
        0.4308568239212036,
        0.5035759210586548,
        0.44705140590667725,
        -0.4521080255508423,
        0.5154596567153931,
        -0.4675002098083496,
        0.4009070098400116,
        0.4400326907634735,
        -0.41831156611442566,
        -0.4393920600414276,
        -0.4549401104450226
    ],
    "CARBOPLATIN": [
        -0.4671350419521332,
        0.35082465410232544,
        -0.34863269329071045,
        -0.37866583466529846,
        -0.4195120334625244,
        0.4752948582172394,
        0.4330025911331177,
        0.45597943663597107,
        -0.4340689778327942,
        0.35917928814888,
        -0.4163864850997925,
        0.38964685797691345,
        0.45875656604766846,
        -0.4460751712322235,
        -0.457831472158432,
        -0.3887782692909241
    ],
    "CYCLOPHOSPHAMIDE": [
        -0.4889005720615387,
        0.4264886975288391,
        -0.4690668284893036,
        -0.4612538814544678,
        -0.38554248213768005,
        0.40304020047187805,
        0.4091944396495819,
        0.43053528666496277,
        -0.42347756028175354,
        0.39468175172805786,
        -0.4576290547847748,
        0.48386743664741516,
        0.4875933527946472,
        -0.4664641320705414,
        -0.47059768438339233,
        -0.36560899019241333
    ],
    "DASATINIB": [
        -0.3926334083080292,
        0.47818729281425476,
        -0.43389084935188293,
        -0.5039063692092896,
        -0.45806270837783813,
        0.38303622603416443,
        0.4804080128669739,
        0.40680068731307983,
        -0.43937262892723083,
        0.5074585676193237,
        -0.5058421492576599,
        0.43615514039993286,
        0.5061575174331665,
        -0.44380876421928406,
        -0.45665767788887024,
        -0.4407799541950226
    ],
    "DEXAMETHASONE": [
        -0.4392014443874359,
        0.37869930267333984,
        -0.401724636554718,
        -0.4355837404727936,
        -0.42842477560043335,
        0.44231340289115906,
        0.46877536177635193,
        0.41766685247421265,
        -0.40901368856430054,
        0.48071593046188354,
        -0.43854597210884094,
        0.44528475403785706,
        0.47195562720298767,
        -0.37817853689193726,
        -0.4173526465892792,
        -0.3972935378551483
    ],
    "DINACICLIB": [
        -0.48200786113739014,
        0.5027350783348083,
        -0.4001474678516388,
        -0.4238055944442749,
        -0.5110288262367249,
        0.3797725737094879,
        0.4103482663631439,
        0.5042864680290222,
        -0.49298807978630066,
        0.48249727487564087,
        -0.48728349804878235,
        0.4218878448009491,
        0.426603764295578,
        -0.4922800660133362,
        -0.39525648951530457,
        -0.500067412853241
    ],
    "DOXORUBICIN": [
        -0.4912048578262329,
        0.48390117287635803,
        -0.42041903734207153,
        -0.46799829602241516,
        -0.4731072783470154,
        0.48121485114097595,
        0.4364418089389801,
        0.45296725630760193,
        -0.38609030842781067,
        0.4396367371082306,
        -0.3733479082584381,
        0.4582533538341522,
        0.4454488456249237,
        -0.3976176679134369,
        -0.42287957668304443,
        -0.4648784399032593
    ],
    "ERLOTINIB": [
        -0.4332043528556824,
        0.41929271817207336,
        -0.42341384291648865,
        -0.4331464171409607,
        -0.5155093669891357,
        0.4129030406475067,
        0.4820929765701294,
        0.4007549583911896,
        -0.4871688783168793,
        0.4655401408672333,
        -0.40142977237701416,
        0.44278720021247864,
        0.4938475489616394,
        -0.41601553559303284,
        -0.4977059066295624,
        -0.5078911185264587
    ],
    "ETOPOSIDE": [
        -0.4799214005470276,
        0.41164150834083557,
        -0.41414543986320496,
        -0.45673537254333496,
        -0.46495819091796875,
        0.5035870671272278,
        0.4364060163497925,
        0.42371252179145813,
        -0.4269125163555145,
        0.44962984323501587,
        -0.46806707978248596,
        0.49909505248069763,
        0.4549993574619293,
        -0.40096578001976013,
        -0.4134158492088318,
        -0.5042102932929993
    ],
    "GELDANAMYCIN": [
        -0.4623531103134155,
        0.5106281638145447,
        -0.4344324469566345,
        -0.4689926505088806,
        -0.4270226061344147,
        0.47486189007759094,
        0.4790259599685669,
        0.4205150008201599,
        -0.4302767217159271,
        0.4492630660533905,
        -0.42015498876571655,
        0.48823869228363037,
        0.4597933292388916,
        -0.3878912925720215,
        -0.430285781621933,
        -0.48437345027923584
    ],
    "GEMCITABINE": [
        -0.4735397398471832,
        0.45774564146995544,
        -0.45566385984420776,
        -0.398764967918396,
        -0.4010424017906189,
        0.3997677266597748,
        0.3973069489002228,
        0.476379930973053,
        -0.4449625611305237,
        0.4524329900741577,
        -0.47556811571121216,
        0.43030136823654175,
        0.4526779055595398,
        -0.47058695554733276,
        -0.40321552753448486,
        -0.47745952010154724
    ],
    "L778123": [
        -0.4158685803413391,
        0.5269055962562561,
        -0.4241120219230652,
        -0.45156392455101013,
        -0.5059569478034973,
        0.45074912905693054,
        0.4955090284347534,
        0.4697238802909851,
        -0.4187605381011963,
        0.4274645745754242,
        -0.43131038546562195,
        0.42596015334129333,
        0.46597805619239807,
        -0.4545585811138153,
        -0.4249457120895386,
        -0.5162089467048645
    ],