{
    "5-FU": [
        -0.5384112596511841,
        0.6586998105049133,
        -0.5540357828140259,
        0.5642335414886475,
        -0.6670099496841431,
        -0.6524153351783752,
        0.7644413113594055,
        -0.6849608421325684
    ],
    "ABT-888": [
        -0.6271162033081055,
        0.5616604685783386,
        -0.7315574884414673,
        0.60100919008255,
        -0.6786167025566101,
        -0.6434507966041565,
        0.6815136671066284,
        -0.5184865593910217
    ],
    "AZD1775": [
        -0.5403159260749817,
        0.6902754902839661,
        -0.6782082319259644,
        0.7030516266822815,
        -0.5144529938697815,
        -0.7453781962394714,
        0.5457031726837158,
        -0.6544342041015625
    ],
    "BEZ-235": [
        -0.6049844622612,
        0.6622692346572876,
        -0.5927678942680359,
        0.7149197459220886,
        -0.6547107696533203,
        -0.49079781770706177,
        0.7156673669815063,
        -0.6731041669845581
    ],
    "BORTEZOMIB": [
        -0.6318288445472717,
        0.5606431365013123,
        -0.6625486016273499,
        0.6864164471626282,
        -0.6825940608978271,
        -0.5876935124397278,
        0.648395299911499,
        -0.6423362493515015
    ],
    "CARBOPLATIN": [
        -0.4022323787212372,
        0.4922958016395569,
        -0.6078773736953735,
        0.6570119857788086,
        -0.5447319149971008,
        -0.6695923209190369,
        0.6623287796974182,
        -0.5215551257133484
    ],
    "CYCLOPHOSPHAMIDE": [
        -0.5442886352539062,
        0.6016886830329895,
        -0.5901443958282471,
        0.6492168307304382,
        -0.6043031811714172,
        -0.6931557655334473,
        0.5961862802505493,
        -0.6250559091567993
    ],
    "DASATINIB": [
        -0.7266970872879028,
        0.7229607105255127,
        -0.6501021981239319,
        0.6090962290763855,
        -0.604347288608551,
        -0.6153693199157715,
        0.588538408279419,
        -0.5693392753601074
    ],
    "DEXAMETHASONE": [
        -0.6146180033683777,
        0.6038228869438171,
        -0.5163795351982117,
        0.4848666191101074,
        -0.6553338170051575,
        -0.5440989136695862,
        0.6580095887184143,
        -0.7260677814483643
    ],
    "DINACICLIB": [
        -0.6658805012702942,
        0.6823137998580933,
        -0.7131755352020264,
        0.6661422848701477,
        -0.6438831686973572,
        -0.5863408446311951,
        0.6970521211624146,
        -0.49640023708343506
    ],
    "DOXORUBICIN": [
        -0.5543652176856995,
        0.5399575233459473,
        -0.6868764758110046,
        0.5276122689247131,
        -0.6014217138290405,
        -0.693456768989563,
        0.7468600869178772,
        -0.6416122913360596
    ],
    "ERLOTINIB": [
        -0.6445159316062927,
        0.6810758113861084,
        -0.5292655825614929,
        0.7112528085708618,
        -0.6158296465873718,
        -0.6632383465766907,
        0.5409274697303772,
        -0.6904217004776001
    ],
    "ETOPOSIDE": [
        -0.5645822882652283,
        0.7240604162216187,
        -0.7388514280319214,
        0.5205705165863037,
        -0.6192274689674377,
        -0.6885629296302795,
        0.6494458317756653,
        -0.5890591144561768
    ],
    "GELDANAMYCIN": [
        -0.662354588508606,
        0.5279154777526855,
        -0.6162049770355225,
        0.584904134273529,
        -0.6512802243232727,
        -0.6192023158073425,
        0.6242763996124268,
        -0.7252539396286011
    ],
    "GEMCITABINE": [
        -0.7040233612060547,
        0.4908733069896698,
        -0.596131443977356,
        0.6734669804573059,
        -0.7014246582984924,
        -0.5765848755836487,
        0.5054394006729126,
        -0.7136725187301636
    ],
    "L778123": [
        -0.7152622938156128,
        0.7267051339149475,
        -0.6479267477989197,
        0.6346931457519531,
        -0.6379784345626831,
        -0.5664385557174683,
        0.5875406265258789,
        -0.6672496795654297
    ],
    "LAPATINIB": [
        -0.6083413362503052,
        0.7003220319747925,
        -0.6809974908828735,
        0.5690526366233826,
        -0.5598545670509338,
        -0.6151763796806335,
        0.6457529067993164,
        -0.7443953156471252
    ],
    "METFORMIN": [
        -0.612078845500946,
        0.6969673037528992,
        -0.5783743858337402,
        0.5518335700035095,
        -0.6325370669364929,
        -0.536169707775116,
        0.6788762211799622,
        -0.7418004274368286
    ],
    "METHOTREXATE": [
        -0.5758100152015686,
        0.5731669068336487,
        -0.7099645137786865,
        0.5705746412277222,
        -0.7042138576507568,
        -0.6659480333328247,
        0.6633015871047974,
        -0.621194064617157
    ],
    "MITOMYCINE": [
        -0.5448011159896851,
        0.6512549519538879,
        -0.5854080319404602,
        0.678386390209198,
        -0.6592675447463989,
        -0.5104262828826904,
        0.5883992910385132,
        -0.6512527465820312
    ],
    "MK-2206": [
        -0.5677858591079712,
        0.7580730319023132,
        -0.6112983226776123,
        0.5329874157905579,
        -0.7380775213241577,
        -0.5844518542289734,
        0.6949804425239563,
        -0.6515833139419556
    ],
    "MK-4541": [
        -0.5856368541717529,
        0.5941351056098938,
        -0.717426061630249,
        0.6145365238189697,
        -0.6020277142524719,
        -0.6243653893470764,
        0.6532080173492432,
        -0.540661633014679
    ],
    "MK-4827": [
        -0.5950875282287598,
        0.747877836227417,
        -0.5517889261245728,
        0.6760087609291077,
        -0.6965219378471375,
        -0.6078729033470154,
        0.5305878520011902,
        -0.7646238803863525
    ],
    "MK-5108": [
        -0.5510002970695496,
        0.5778663754463196,
        -0.735358476638794,
        0.5937126874923706,
        -0.684863269329071,
        -0.7116025686264038,
        0.5743048191070557,
        -0.6110806465148926
    ],
    "MK-8669": [
        -0.6465396881103516,
        0.4738910496234894,
        -0.6804203391075134,
        0.6803472638130188,
        -0.6769677400588989,
        -0.6220534443855286,
        0.6875568628311157,
        -0.5543543696403503
    ],
    "MK-8776": [
        -0.6554647088050842,
        0.5519473552703857,
        -0.710259199142456,
        0.6059053540229797,
        -0.6701118350028992,
        -0.565385639667511,
        0.7111658453941345,
        -0.6883265972137451
    ],
    "MRK-003": [
        -0.6597082018852234,
        0.5889095067977905,
        -0.663226306438446,
        0.6649410128593445,
        -0.541037380695343,
        -0.6227406859397888,
        0.6408939957618713,
        -0.5832090973854065
    ],
    "OXALIPLATIN": [
        -0.5313302278518677,
        0.5727527737617493,
        -0.7550339102745056,
        0.679269552230835,
        -0.6048247218132019,
        -0.5717539191246033,
        0.667865514755249,
        -0.57341068983078
    ],
    "PACLITAXEL": [
        -0.6121922731399536,
        0.6632758975028992,
        -0.5373410582542419,
        0.6407951712608337,
        -0.6026331186294556,
        -0.577799379825592,
        0.6274617314338684,
        -0.7072371244430542
    ],
    "PD325901": [
        -0.6261481642723083,
        0.7335871458053589,
        -0.4917967915534973,
        0.734779417514801,
        -0.6791359782218933,
        -0.7016726732254028,
        0.5443906784057617,
        -0.5278613567352295
    ],
    "SN-38": [
        -0.6570408344268799,
        0.6172116994857788,
        -0.6713573336601257,
        0.6135461926460266,
        -0.6063225865364075,
        -0.5792285203933716,
        0.6790211796760559,
        -0.5656267404556274
    ],