{
    "5-FU": [
        0.3535715341567993,
        0.3140195608139038,
        0.3199254870414734,
        0.30897799134254456,
        0.3022519052028656,
        -0.39977073669433594,
        -0.42752012610435486,
        0.4866889715194702
    ],
    "ABT-888": [
        0.30056077241897583,
        0.48734205961227417,
        0.45007872581481934,
        0.3522551655769348,
        0.28168627619743347,
        -0.46130654215812683,
        -0.39422300457954407,
        0.44462457299232483
    ],
    "AZD1775": [
        0.3459722697734833,
        0.3407605290412903,
        0.38536354899406433,
        0.40987375378608704,
        0.4480290114879608,
        -0.36774444580078125,
        -0.43929895758628845,
        0.2449190467596054
    ],
    "BEZ-235": [
        0.3221275508403778,
        0.37048888206481934,
        0.3310387432575226,
        0.4427599310874939,
        0.43497517704963684,
        -0.26846078038215637,
        -0.37844187021255493,
        0.31610190868377686
    ],
    "BORTEZOMIB": [
        0.28680163621902466,
        0.40613114833831787,
        0.43160638213157654,
        0.30083054304122925,
        0.33426129817962646,
        -0.4243084490299225,
        -0.3663440942764282,
        0.35070785880088806
    ],
    "CARBOPLATIN": [
        0.4852023720741272,
        0.30229392647743225,
        0.44601768255233765,
        0.35753852128982544,
        0.3216889798641205,
        -0.3984616696834564,
        -0.4128650724887848,
        0.25392088294029236
    ],
    "CYCLOPHOSPHAMIDE": [
        0.42241138219833374,
        0.5042880177497864,
        0.34152013063430786,
        0.2652406692504883,
        0.505021333694458,
        -0.4103299379348755,
        -0.4543621242046356,
        0.35645073652267456
    ],
    "DASATINIB": [
        0.32336339354515076,
        0.4596330523490906,
        0.26730799674987793,
        0.3894737660884857,
        0.4026099443435669,
        -0.405354380607605,
        -0.3517575263977051,
        0.460911363363266
    ],
    "DEXAMETHASONE": [
        0.4208824634552002,
        0.49074748158454895,
        0.45099490880966187,
        0.4392927587032318,
        0.3533797264099121,
        -0.4249993562698364,
        -0.4375380575656891,
        0.37183302640914917
    ],
    "DINACICLIB": [
        0.48574426770210266,
        0.3288366198539734,
        0.3762448728084564,
        0.33815503120422363,
        0.3736022710800171,
        -0.4382539987564087,
        -0.39098140597343445,
        0.4242813289165497
    ],
    "DOXORUBICIN": [
        0.3369028568267822,
        0.49248453974723816,
        0.3098128139972687,
        0.2855859398841858,
        0.2686595022678375,
        -0.48908859491348267,
        -0.32374000549316406,
        0.4919934570789337
    ],
    "ERLOTINIB": [
        0.2872946560382843,
        0.39902764558792114,
        0.3868103325366974,
        0.3554644286632538,
        0.3373330235481262,
        -0.43988171219825745,
        -0.3322908580303192,
        0.4383116662502289
    ],
    "ETOPOSIDE": [
        0.4332451820373535,
        0.43395647406578064,
        0.38520926237106323,
        0.3565533459186554,
        0.3513111472129822,
        -0.3754097521305084,
        -0.4367242753505707,
        0.47191232442855835
    ],
    "GELDANAMYCIN": [
        0.2871761620044708,
        0.4556116759777069,
        0.4526752531528473,
        0.26981303095817566,
        0.5007403492927551,
        -0.40029385685920715,
        -0.4865729510784149,
        0.41010782122612
    ],
    "GEMCITABINE": [
        0.34966155886650085,
        0.3663887679576874,
        0.3982979655265808,
        0.4661751091480255,
        0.3599531650543213,
        -0.3067118227481842,
        -0.46352463960647583,
        0.3608992397785187
    ],
    "L778123": [
        0.34658241271972656,
        0.29801347851753235,
        0.48412585258483887,
        0.48357170820236206,
        0.34064069390296936,
        -0.34100422263145447,
        -0.37200063467025757,
        0.42233169078826904
    ],
    "LAPATINIB": [
        0.3534427881240845,
        0.410063236951828,
        0.40222784876823425,
        0.33921122550964355,
        0.5040218234062195,
        -0.4987950623035431,
        -0.35144945979118347,
        0.2620900571346283
    ],
    "METFORMIN": [
        0.48078516125679016,
        0.3835313022136688,
        0.3154791593551636,
        0.3957444131374359,
        0.45062026381492615,
        -0.38624030351638794,
        -0.4615347683429718,
        0.3936528265476227
    ],
    "METHOTREXATE": [
        0.33362674713134766,
        0.2944459617137909,
        0.4733305275440216,
        0.4336076080799103,
        0.48099485039711,
        -0.31658288836479187,
        -0.41312482953071594,
        0.23738087713718414
    ],
    "MITOMYCINE": [
        0.4176635146141052,
        0.28413844108581543,
        0.37523749470710754,
        0.3466518819332123,
        0.489825576543808,
        -0.4471023380756378,
        -0.2690314054489136,
        0.45928114652633667
    ],
    "MK-2206": [
        0.28775009512901306,
        0.32137179374694824,
        0.29422757029533386,
        0.4978339970111847,
        0.5059709548950195,
        -0.4062950015068054,
        -0.3206607699394226,
        0.36519789695739746
    ],
    "MK-4541": [
        0.37008151412010193,
        0.39326781034469604,
        0.3430556654930115,
        0.26439544558525085,
        0.385344535112381,
        -0.4624388515949249,
        -0.4626742899417877,
        0.4401962459087372
    ],
    "MK-4827": [
        0.2888264060020447,
        0.26716354489326477,
        0.3888150155544281,
        0.4772201478481293,
        0.439818799495697,
        -0.49465370178222656,
        -0.2743256390094757,
        0.32272353768348694
    ],
    "MK-5108": [
        0.47138357162475586,
        0.46790316700935364,
        0.4318733513355255,
        0.47041141986846924,
        0.25829923152923584,
        -0.4190024435520172,
        -0.4561571776866913,
        0.43975213170051575
    ],
    "MK-8669": [
        0.49216172099113464,
        0.38678425550460815,
        0.45804136991500854,
        0.4811655580997467,
        0.37328293919563293,
        -0.4139224588871002,
        -0.47377249598503113,
        0.4029098153114319
    ],
    "MK-8776": [
        0.48607388138771057,
        0.3474659025669098,
        0.4849427342414856,
        0.4802785813808441,
        0.38894185423851013,
        -0.468784898519516,
        -0.31595614552497864,
        0.4449564218521118
    ],
    "MRK-003": [
        0.4756019115447998,
        0.3701624572277069,
        0.41080397367477417,
        0.27151867747306824,
        0.31423431634902954,
        -0.2735455334186554,
        -0.40234991908073425,
        0.3797256052494049
    ],
    "OXALIPLATIN": [
        0.4385223984718323,
        0.414804607629776,
        0.3201136887073517,
        0.4696631133556366,
        0.3304446339607239,
        -0.26212114095687866,
        -0.37042659521102905,
        0.36516067385673523
    ],
    "PACLITAXEL": [
        0.3152637183666229,
        0.4959011971950531,
        0.4862974286079407,
        0.4878038167953491,
        0.37909358739852905,
        -0.30395105481147766,
        -0.36616894602775574,
        0.3589917719364166
    ],
    "PD325901": [
        0.2771705389022827,
        0.39661484956741333,
        0.47411322593688965,
        0.42807459831237793,
        0.3806016743183136,
        -0.4026317298412323,
        -0.4067198932170868,
        0.41050082445144653
    ],
    "SN-38": [
        0.47403407096862793,
        0.2881726026535034,
        0.4349857270717621,
        0.3976096510887146,
        0.44834959506988525,
        -0.3600836992263794,
        -0.46934473514556885,
        0.3296220898628235
    ],