{
    "5-FU": [
        -0.626298725605011,
        -0.5021223425865173,
        0.7170712351799011,
        0.6204332113265991,
        0.6153358817100525,
        -0.7603276371955872,
        0.7080538272857666,
        0.5747492909431458
    ],
    "ABT-888": [
        -0.6263701319694519,
        0.5264528393745422,
        0.7815769910812378,
        0.6135539412498474,
        0.6604328751564026,
        -0.72260582447052,
        0.663995087146759,
        0.7865071892738342
    ],
    "AZD1775": [
        -0.6259724497795105,
        0.7083757519721985,
        0.7681068181991577,
        0.6708481907844543,
        0.6871904730796814,
        -0.6802806258201599,
        0.6683244705200195,
        0.7171558141708374
    ],
    "BEZ-235": [
        -0.6774452924728394,
        1.0890324115753174,
        0.6627881526947021,
        0.7990268468856812,
        0.7264612913131714,
        -0.6181601285934448,
        0.6401770114898682,
        0.7328412532806396
    ],
    "BORTEZOMIB": [
        -0.7154725193977356,
        0.38960713148117065,
        0.6950163841247559,
        0.6000388860702515,
        0.7348904013633728,
        -0.732144832611084,
        0.6527020335197449,
        0.5807246565818787
    ],
    "CARBOPLATIN": [
        -0.7050610780715942,
        -0.4290503263473511,
        0.6774240136146545,
        0.7201099991798401,
        0.6473876237869263,
        -0.6246328949928284,
        0.5274127125740051,
        0.7310059666633606
    ],
    "CYCLOPHOSPHAMIDE": [
        -0.7544553875923157,
        -0.1514306366443634,
        0.49907422065734863,
        0.5287397503852844,
        0.6380641460418701,
        -0.6275805234909058,
        0.5992703437805176,
        0.7300955653190613
    ],
    "DASATINIB": [
        -0.7755787372589111,
        0.3140661418437958,
        0.7395933866500854,
        0.5825012922286987,
        0.6145188212394714,
        -0.6022540330886841,
        0.7125282883644104,
        0.6662676334381104
    ],
    "DEXAMETHASONE": [
        -0.6292149424552917,
        1.1104457378387451,
        0.6256368160247803,
        0.6734119057655334,
        0.6303032040596008,
        -0.6968132853507996,
        0.6574898958206177,
        0.7960574626922607
    ],
    "DINACICLIB": [
        -0.6643685102462769,
        0.7546603083610535,
        0.5804615616798401,
        0.6031087040901184,
        0.6680963039398193,
        -0.6317300796508789,
        0.7879181504249573,
        0.7802000641822815
    ],
    "DOXORUBICIN": [
        -0.7570353150367737,
        0.6617742776870728,
        0.6000556945800781,
        0.7689160108566284,
        0.5941001176834106,
        -0.7241925597190857,
        0.6327073574066162,
        0.660727322101593
    ],
    "ERLOTINIB": [
        -0.6205570101737976,
        0.72584068775177,
        0.6383890509605408,
        0.7954694628715515,
        0.68594890832901,
        -0.6854468584060669,
        0.6891181468963623,
        0.8476847410202026
    ],
    "ETOPOSIDE": [
        -0.774362325668335,
        0.6018187999725342,
        0.5531136393547058,
        0.571199357509613,
        0.7453542351722717,
        -0.7339396476745605,
        0.6574072241783142,
        0.7806416749954224
    ],
    "GELDANAMYCIN": [
        -0.7356418967247009,
        0.8252461552619934,
        0.6484329700469971,
        0.6982366442680359,
        0.5953025221824646,
        -0.719758927822113,
        0.6333141326904297,
        0.6945911049842834
    ],
    "GEMCITABINE": [
        -0.7210280299186707,
        -0.26274025440216064,
        0.503351628780365,
        0.5493970513343811,
        0.5866547226905823,
        -0.7878811955451965,
        0.7704344987869263,
        0.6437914967536926
    ],
    "L778123": [
        -0.7998977303504944,
        0.6675856113433838,
        0.7013980150222778,
        0.7069913148880005,
        0.7450394630432129,
        -0.5621362924575806,
        0.6868789196014404,
        0.6916784644126892
    ],
    "LAPATINIB": [
        -0.7009441256523132,
        0.6994875073432922,
        0.6038353443145752,
        0.6614469885826111,
        0.6504142880439758,
        -0.703674852848053,
        0.7306187748908997,
        0.7016220092773438
    ],
    "METFORMIN": [
        -0.7743363380432129,
        -0.606037974357605,
        0.6111094355583191,
        0.7382829785346985,
        0.6486186981201172,
        -0.6505199670791626,
        0.6786054372787476,
        0.7018887400627136
    ],
    "METHOTREXATE": [
        -0.5868157744407654,
        0.10743173211812973,
        0.7544237375259399,
        0.5973206162452698,
        0.6934441924095154,
        -0.6914528608322144,
        0.7420828342437744,
        0.617713987827301
    ],
    "MITOMYCINE": [
        -0.6941897869110107,
        0.23226359486579895,
        0.61956387758255,
        0.7061495780944824,
        0.7063154578208923,
        -0.7784784436225891,
        0.6580947637557983,
        0.6444581151008606
    ],
    "MK-2206": [
        -0.5457426309585571,
        0.9978436231613159,
        0.8123989701271057,
        0.7920868396759033,
        0.5483230948448181,
        -0.6179363131523132,
        0.796245276927948,
        0.7749906778335571
    ],
    "MK-4541": [
        -0.7247574925422668,
        0.6996654272079468,
        0.7368964552879333,
        0.7171145081520081,
        0.6772924661636353,
        -0.5520333647727966,
        0.6719618439674377,
        0.6613548994064331
    ],
    "MK-4827": [
        -0.7450893521308899,
        0.928768515586853,
        0.7575673460960388,
        0.6955039501190186,
        0.5946318507194519,
        -0.6626490950584412,
        0.6480441093444824,
        0.7023916244506836
    ],
    "MK-5108": [
        -0.7705761194229126,
        0.6601372361183167,
        0.6837396621704102,
        0.6009853482246399,
        0.6230568289756775,
        -0.6570330858230591,
        0.7138310670852661,
        0.6459791660308838
    ],
    "MK-8669": [
        -0.6172981858253479,
        0.9451572895050049,
        0.6528823971748352,
        0.6932641863822937,
        0.7559682726860046,
        -0.7762516140937805,
        0.6369720697402954,
        0.7177519202232361
    ],
    "MK-8776": [
        -0.6542308330535889,
        0.3456555902957916,
        0.6830966472625732,
        0.5880293250083923,
        0.7643710970878601,
        -0.6261419057846069,
        0.7857905626296997,
        0.5560880899429321
    ],
    "MRK-003": [
        -0.615243136882782,
        0.43033933639526367,
        0.5900044441223145,
        0.7337948083877563,
        0.7356675267219543,
        -0.5680164694786072,
        0.6801711916923523,
        0.6710391044616699
    ],
    "OXALIPLATIN": [
        -0.6024930477142334,
        -0.08978390693664551,
        0.7046435475349426,
        0.5679623484611511,
        0.6924501061439514,
        -0.7360571622848511,
        0.6381087303161621,
        0.681610643863678
    ],
    "PACLITAXEL": [
        -0.6506161093711853,
        0.8350573182106018,
        0.7773790955543518,
        0.6615563035011292,
        0.7090838551521301,
        -0.7327846884727478,
        0.7160311937332153,
        0.6759482026100159
    ],
    "PD325901": [
        -0.5884746313095093,
        0.38961541652679443,
        0.658083975315094,
        0.5400715470314026,
        0.7523719668388367,
        -0.7367830276489258,
        0.5367107391357422,
        0.6670424342155457
    ],
    "SN-38": [
        -0.5287963151931763,
        0.7520825266838074,
        0.7964217662811279,
        0.7424623370170593,
        0.7427489161491394,
        -0.6623021364212036,
        0.7240015864372253,
        0.7426363229751587
    ],