{
    "5-FU": [
        0.4745580554008484,
        -0.4472637474536896,
        -0.4281178414821625,
        -0.4121667146682739,
        -0.4345138669013977,
        -0.45071926712989807,
        -0.38447120785713196,
        -0.4603345990180969,
        -0.39081060886383057,
        0.4194568693637848,
        -0.423954576253891,
        -0.43295127153396606,
        0.45224449038505554,
        -0.4406421482563019,
        0.4378316402435303,
        0.493285208940506
    ],
    "ABT-888": [
        0.4129191040992737,
        -0.43604639172554016,
        -0.4200698733329773,
        -0.46040505170822144,
        -0.39111724495887756,
        -0.4038977324962616,
        -0.47618624567985535,
        -0.36889535188674927,
        -0.4263988733291626,
        0.4836309254169464,
        -0.38974377512931824,
        -0.47202110290527344,
        0.42838847637176514,
        -0.4785229563713074,
        0.40343087911605835,
        0.4024919867515564
    ],
    "AZD1775": [
        0.389419823884964,
        -0.4517248570919037,
        -0.4301739037036896,
        -0.45412126183509827,
        -0.4471874237060547,
        -0.4839755892753601,
        -0.42635732889175415,
        -0.4031752347946167,
        -0.4869884252548218,
        0.45173096656799316,
        -0.3759416341781616,
        -0.4516824781894684,
        0.4642406404018402,
        -0.4557730555534363,
        0.3759913742542267,
        0.4226166009902954
    ],
    "BEZ-235": [
        0.40419480204582214,
        -0.46443361043930054,
        -0.3868628144264221,
        -0.4071848690509796,
        -0.41153720021247864,
        -0.46054890751838684,
        -0.49933934211730957,
        -0.44493037462234497,
        -0.38410547375679016,
        0.4677043557167053,
        -0.42854535579681396,
        -0.4193613529205322,
        0.43754467368125916,
        -0.45853468775749207,
        0.46265745162963867,
        0.42338740825653076
    ],
    "BORTEZOMIB": [
        0.4805126190185547,
        -0.43388351798057556,
        -0.4525371491909027,
        -0.44284290075302124,
        -0.44723233580589294,
        -0.4517424702644348,
        -0.42631977796554565,
        -0.485938161611557,
        -0.4839330017566681,
        0.3985680937767029,
        -0.42124566435813904,
        -0.39984792470932007,
        0.4135112464427948,
        -0.4312584698200226,
        0.41861486434936523,
        0.3989165723323822
    ],
    "CARBOPLATIN": [
        0.3726653456687927,
        -0.37970149517059326,
        -0.3698626458644867,
        -0.4313870668411255,
        -0.42762094736099243,
        -0.45028820633888245,
        -0.35970503091812134,
        -0.45341813564300537,
        -0.4007684290409088,
        0.4669930636882782,
        -0.4231981933116913,
        -0.44846111536026,
        0.36167046427726746,
        -0.36455291509628296,
        0.42630431056022644,
        0.39481085538864136
    ],
    "CYCLOPHOSPHAMIDE": [
        0.3837704658508301,
        -0.3882458508014679,
        -0.4179393947124481,
        -0.4812990128993988,
        -0.43155595660209656,
        -0.38009148836135864,
        -0.44019630551338196,
        -0.37247613072395325,
        -0.45547839999198914,
        0.3622224032878876,
        -0.4679805040359497,
        -0.4189116060733795,
        0.4733703136444092,
        -0.4935155510902405,
        0.4152262210845947,
        0.43197765946388245
    ],
    "DASATINIB": [
        0.4625405967235565,
        -0.4156125783920288,
        -0.46066412329673767,
        -0.37766996026039124,
        -0.4709480106830597,
        -0.4982490539550781,
        -0.4881155490875244,
        -0.45115017890930176,
        -0.3854638338088989,
        0.41926610469818115,
        -0.40574002265930176,
        -0.39644861221313477,
        0.4953756332397461,
        -0.42645126581192017,
        0.4634072482585907,
        0.3799697160720825
    ],
    "DEXAMETHASONE": [
        0.4158724248409271,
        -0.41666272282600403,
        -0.3848254084587097,
        -0.4131048023700714,
        -0.4235020577907562,
        -0.4178514778614044,
        -0.37475651502609253,
        -0.38933977484703064,
        -0.4025901257991791,
        0.37788501381874084,
        -0.4779074490070343,
        -0.401416540145874,
        0.3961566984653473,
        -0.475736141204834,
        0.45200315117836,
        0.4595112204551697
    ],
    "DINACICLIB": [
        0.43496593832969666,
        -0.4503043591976166,
        -0.45444783568382263,
        -0.452380895614624,
        -0.4749104082584381,
        -0.46878504753112793,
        -0.4570864140987396,
        -0.48287084698677063,
        -0.370146244764328,
        0.3653048872947693,
        -0.4799294173717499,
        -0.4406713843345642,
        0.4067288637161255,
        -0.4053672254085541,
        0.4545734226703644,
        0.39554357528686523
    ],
    "DOXORUBICIN": [
        0.431861013174057,
        -0.3572791516780853,
        -0.4339708685874939,
        -0.39857882261276245,
        -0.3850082457065582,
        -0.47381362318992615,
        -0.3856491148471832,
        -0.4846329092979431,
        -0.4098967909812927,
        0.4639671742916107,
        -0.39378538727760315,
        -0.46365872025489807,
        0.44135114550590515,
        -0.45999467372894287,
        0.4461098313331604,
        0.42471596598625183
    ],
    "ERLOTINIB": [
        0.4200875461101532,
        -0.48263993859291077,
        -0.4468616247177124,
        -0.4454796016216278,
        -0.3919849395751953,
        -0.3896661698818207,
        -0.4317038357257843,
        -0.46801888942718506,
        -0.37483277916908264,
        0.41690292954444885,
        -0.3964194357395172,
        -0.4338412582874298,
        0.48442551493644714,
        -0.4887304902076721,
        0.4699852764606476,
        0.40072548389434814
    ],
    "ETOPOSIDE": [
        0.46355944871902466,
        -0.4502113163471222,
        -0.3987866938114166,
        -0.4010515511035919,
        -0.3998958170413971,
        -0.4345848560333252,
        -0.37254491448402405,
        -0.39313259720802307,
        -0.46404215693473816,
        0.4688791036605835,
        -0.48226794600486755,
        -0.44308000802993774,
        0.37184610962867737,
        -0.47187525033950806,
        0.4330591857433319,
        0.46300891041755676
    ],
    "GELDANAMYCIN": [
        0.4632251262664795,
        -0.46333661675453186,
        -0.43196210265159607,
        -0.39844200015068054,
        -0.45372915267944336,
        -0.4334210455417633,
        -0.46673762798309326,
        -0.3695489168167114,
        -0.4328876733779907,
        0.43930694460868835,
        -0.4416070878505707,
        -0.4338313937187195,
        0.40885964035987854,
        -0.42593374848365784,
        0.4001075029373169,
        0.4073927402496338
    ],
    "GEMCITABINE": [
        0.41271907091140747,
        -0.4408091902732849,
        -0.378874272108078,
        -0.4655929505825043,
        -0.41412684321403503,
        -0.38433998823165894,
        -0.42470812797546387,
        -0.3690136671066284,
        -0.4047808349132538,
        0.46056774258613586,
        -0.47916483879089355,
        -0.4615441858768463,
        0.3956984579563141,
        -0.3934172987937927,
        0.45644739270210266,
        0.40978342294692993
    ],
    "L778123": [
        0.45569467544555664,
        -0.39272111654281616,
        -0.4526529908180237,
        -0.4677824079990387,
        -0.4818006157875061,
        -0.45492714643478394,
        -0.4066760241985321,
        -0.40483808517456055,
        -0.418785959482193,
        0.4701968729496002,
        -0.4347306787967682,
        -0.46195605397224426,
        0.3883815407752991,
        -0.4691685438156128,
        0.46464625000953674,
        0.3929460942745209
    ],