{
    "5-FU": [
        -0.49286532402038574,
        0.45911356806755066,
        0.43892455101013184,
        -0.5207902789115906,
        0.3994929790496826,
        -0.4859480857849121,
        0.4025419056415558,
        0.41540753841400146,
        0.5146884322166443,
        -0.47009754180908203,
        0.49021199345588684,
        0.3829473853111267,
        -0.40805375576019287,
        0.40686044096946716,
        -0.4060102105140686,
        0.4984737038612366
    ],
    "ABT-888": [
        -0.4272134602069855,
        0.46944114565849304,
        0.4647471010684967,
        -0.365715354681015,
        0.38455623388290405,
        -0.4982219934463501,
        0.4042833149433136,
        0.40934157371520996,
        0.484671026468277,
        -0.4818682372570038,
        0.4326742887496948,
        0.4575377106666565,
        -0.3873383402824402,
        0.48555728793144226,
        -0.38007861375808716,
        0.493875652551651
    ],
    "AZD1775": [
        -0.3918297290802002,
        0.42488402128219604,
        0.47246766090393066,
        -0.41637319326400757,
        0.4267866015434265,
        -0.5005860328674316,
        0.4089254140853882,
        0.4855228066444397,
        0.4053898751735687,
        -0.4589049220085144,
        0.5301938652992249,
        0.3972606658935547,
        -0.4975137412548065,
        0.4794624149799347,
        -0.42805731296539307,
        0.42554014921188354
    ],
    "BEZ-235": [
        -0.4155420660972595,
        0.4590407609939575,
        0.37851929664611816,
        -0.4155345857143402,
        0.4591318964958191,
        -0.45365583896636963,
        0.5066702961921692,
        0.49722611904144287,
        0.3924146890640259,
        -0.4936913847923279,
        0.47783902287483215,
        0.45053139328956604,
        -0.41748714447021484,
        0.48557162284851074,
        -0.39850127696990967,
        0.5086610913276672
    ],
    "BORTEZOMIB": [
        -0.46229586005210876,
        0.4115280508995056,
        0.49045059084892273,
        -0.4341971278190613,
        0.416756272315979,
        -0.4551893472671509,
        0.4946116805076599,
        0.47873654961586,
        0.5146843194961548,
        -0.4131626486778259,
        0.5147005319595337,
        0.3974025547504425,
        -0.441738486289978,
        0.38526180386543274,
        -0.4765796661376953,
        0.395502507686615
    ],
    "CARBOPLATIN": [
        -0.39300736784935,
        0.44893530011177063,
        0.369583398103714,
        -0.37197592854499817,
        0.36271288990974426,
        -0.37438416481018066,
        0.36340096592903137,
        0.3438889980316162,
        0.4292643368244171,
        -0.5221966505050659,
        0.4447959363460541,
        0.3865409195423126,
        -0.36140093207359314,
        0.43368980288505554,
        -0.47161367535591125,
        0.44913801550865173
    ],
    "CYCLOPHOSPHAMIDE": [
        -0.46575838327407837,
        0.4680911898612976,
        0.4181632697582245,
        -0.4121665358543396,
        0.470146507024765,
        -0.38775312900543213,
        0.3722172975540161,
        0.3512905240058899,
        0.4183015823364258,
        -0.4415552020072937,
        0.48062095046043396,
        0.48236778378486633,
        -0.49747782945632935,
        0.3968152701854706,
        -0.44381773471832275,
        0.41401997208595276
    ],
    "DASATINIB": [
        -0.5114665627479553,
        0.43565770983695984,
        0.4536221921443939,
        -0.5065951347351074,
        0.4832625985145569,
        -0.4995603859424591,
        0.4382389485836029,
        0.40809765458106995,
        0.45220479369163513,
        -0.43627703189849854,
        0.49637824296951294,
        0.38853296637535095,
        -0.5075732469558716,
        0.4200640022754669,
        -0.475494384765625,
        0.4221404492855072
    ],
    "DEXAMETHASONE": [
        -0.37395137548446655,
        0.3753798305988312,
        0.4304071068763733,
        -0.4673495888710022,
        0.4114910364151001,
        -0.398099809885025,
        0.3884027898311615,
        0.3705225884914398,
        0.44055771827697754,
        -0.4689008891582489,
        0.4218566119670868,
        0.49562010169029236,
        -0.37833091616630554,
        0.5054143667221069,
        -0.3619202673435211,
        0.41180649399757385
    ],
    "DINACICLIB": [
        -0.46426302194595337,
        0.47105252742767334,
        0.4301777780056,
        -0.47211217880249023,
        0.4467296004295349,
        -0.44546976685523987,
        0.4078346788883209,
        0.5017688274383545,
        0.48524659872055054,
        -0.4926128387451172,
        0.4870426654815674,
        0.3875793516635895,
        -0.5155094861984253,
        0.38264167308807373,
        -0.4441933333873749,
        0.40806886553764343
    ],
    "DOXORUBICIN": [
        -0.3957526683807373,
        0.36996036767959595,
        0.4580661654472351,
        -0.45061513781547546,
        0.4020858705043793,
        -0.43542027473449707,
        0.40209996700286865,
        0.4660770893096924,
        0.5029991269111633,
        -0.3767300844192505,
        0.48364877700805664,
        0.49881020188331604,
        -0.4548451900482178,
        0.44847869873046875,
        -0.4378211200237274,
        0.4401891827583313
    ],
    "ERLOTINIB": [
        -0.4778875410556793,
        0.47701120376586914,
        0.4373949468135834,
        -0.4015792906284332,
        0.4305427074432373,
        -0.5142764449119568,
        0.4118052124977112,
        0.49889227747917175,
        0.4145703613758087,
        -0.4666123390197754,
        0.4430944621562958,
        0.49174368381500244,
        -0.472537636756897,
        0.4502529501914978,
        -0.48330867290496826,
        0.39163118600845337
    ],
    "ETOPOSIDE": [
        -0.4353865087032318,
        0.4669643044471741,
        0.44157180190086365,
        -0.47960811853408813,
        0.40734049677848816,
        -0.3911121189594269,
        0.5010413527488708,
        0.5151814222335815,
        0.500551700592041,
        -0.4097486734390259,
        0.49444380402565,
        0.4952367842197418,
        -0.4381425976753235,
        0.3802774250507355,
        -0.44136926531791687,
        0.37718111276626587
    ],
    "GELDANAMYCIN": [
        -0.5005258321762085,
        0.43470701575279236,
        0.48448583483695984,
        -0.4755253493785858,
        0.4191586673259735,
        -0.3922703266143799,
        0.4308236837387085,
        0.46094247698783875,
        0.4026978015899658,
        -0.4234533905982971,
        0.3655761778354645,
        0.4820566773414612,
        -0.46906426548957825,
        0.47411075234413147,
        -0.4488377869129181,
        0.49105164408683777
    ],
    "GEMCITABINE": [
        -0.4732779860496521,
        0.43161505460739136,
        0.4773685932159424,
        -0.3980591297149658,
        0.47331586480140686,
        -0.4438886344432831,
        0.39236515760421753,
        0.36000117659568787,
        0.3886086940765381,
        -0.42757126688957214,
        0.41284745931625366,
        0.4774601459503174,
        -0.46978017687797546,
        0.4827236831188202,
        -0.4590687155723572,
        0.38752663135528564
    ],
    "L778123": [
        -0.46444153785705566,
        0.42144790291786194,
        0.4330928921699524,
        -0.474292516708374,
        0.5001876354217529,
        -0.4657278060913086,
        0.4588935971260071,
        0.5098186731338501,
        0.40726983547210693,
        -0.4440166652202606,
        0.5066481828689575,
        0.47128915786743164,
        -0.44167107343673706,
        0.43004748225212097,
        -0.4916822910308838,
        0.38399916887283325
    ],