{
    "5-FU": [
        0.3662705719470978,
        -0.34394577145576477,
        0.3739793002605438,
        0.3442668616771698,
        -0.3958775997161865,
        0.308732271194458,
        -0.3154900074005127,
        -0.37377840280532837,
        -0.4008587896823883,
        -0.3814360797405243,
        -0.3675607740879059,
        -0.30578044056892395,
        -0.37750113010406494,
        -0.36441943049430847,
        0.3835362195968628,
        0.2871231734752655
    ],
    "ABT-888": [
        0.397642582654953,
        -0.398221880197525,
        0.3018425405025482,
        0.3502015471458435,
        -0.340379923582077,
        0.29302510619163513,
        -0.3496030271053314,
        -0.35658973455429077,
        -0.38788145780563354,
        -0.33902081847190857,
        -0.33853113651275635,
        -0.33669400215148926,
        -0.3483198583126068,
        -0.36820071935653687,
        0.39301353693008423,
        0.37220925092697144
    ],
    "AZD1775": [
        0.4089442491531372,
        -0.29177922010421753,
        0.3979704678058624,
        0.33310404419898987,
        -0.29901617765426636,
        0.3212292790412903,
        -0.38417720794677734,
        -0.3259878158569336,
        -0.36217352747917175,
        -0.364859402179718,
        -0.405210942029953,
        -0.31448033452033997,
        -0.38241130113601685,
        -0.30739590525627136,
        0.3953994810581207,
        0.37232574820518494
    ],
    "BEZ-235": [
        0.39570435881614685,
        -0.38204166293144226,
        0.36788928508758545,
        0.4018729329109192,
        -0.40007925033569336,
        0.318320631980896,
        -0.37197571992874146,
        -0.28738123178482056,
        -0.3038461208343506,
        -0.38366106152534485,
        -0.28840765357017517,
        -0.3724187910556793,
        -0.3933762311935425,
        -0.3833705484867096,
        0.38287001848220825,
        0.39172279834747314
    ],
    "BORTEZOMIB": [
        0.318758487701416,
        -0.3772560954093933,
        0.36570000648498535,
        0.3987203538417816,
        -0.29796895384788513,
        0.36010274291038513,
        -0.37817153334617615,
        -0.3852713108062744,
        -0.35703691840171814,
        -0.374989777803421,
        -0.3382294178009033,
        -0.32010218501091003,
        -0.3583212196826935,
        -0.2957272529602051,
        0.3640691339969635,
        0.29569903016090393
    ],
    "CARBOPLATIN": [
        0.34220415353775024,
        -0.3975183665752411,
        0.378410279750824,
        0.3369775712490082,
        -0.3844226002693176,
        0.36765024065971375,
        -0.39252880215644836,
        -0.3585989773273468,
        -0.3815405070781708,
        -0.30944278836250305,
        -0.2915354371070862,
        -0.32064253091812134,
        -0.37180233001708984,
        -0.31226032972335815,
        0.32120048999786377,
        0.31319865584373474
    ],
    "CYCLOPHOSPHAMIDE": [
        0.36397773027420044,
        -0.337057888507843,
        0.37323427200317383,
        0.35326138138771057,
        -0.35059860348701477,
        0.30119088292121887,
        -0.36164018511772156,
        -0.39576807618141174,
        -0.40228271484375,
        -0.29141631722450256,
        -0.28725990653038025,
        -0.35565632581710815,
        -0.3324923515319824,
        -0.3240568935871124,
        0.3835351765155792,
        0.4059099555015564
    ],
    "DASATINIB": [
        0.40403392910957336,
        -0.3662886917591095,
        0.37390682101249695,
        0.2952457666397095,
        -0.3124772310256958,
        0.3459845185279846,
        -0.36258092522621155,
        -0.369438499212265,
        -0.3927461802959442,
        -0.3027242124080658,
        -0.39387190341949463,
        -0.33941179513931274,
        -0.3634420335292816,
        -0.393962025642395,
        0.2990504801273346,
        0.3825608789920807
    ],
    "DEXAMETHASONE": [
        0.30846959352493286,
        -0.35950666666030884,
        0.36833351850509644,
        0.35561293363571167,
        -0.4059496819972992,
        0.29699546098709106,
        -0.3131047785282135,
        -0.38878124952316284,
        -0.3909265697002411,
        -0.3252083659172058,
        -0.3438291549682617,
        -0.3542519807815552,
        -0.3537558615207672,
        -0.3275090157985687,
        0.30265089869499207,
        0.33477744460105896
    ],
    "DINACICLIB": [
        0.3925108313560486,
        -0.3102039098739624,
        0.32512131333351135,
        0.4004064202308655,
        -0.40327146649360657,
        0.30970054864883423,
        -0.3890056014060974,
        -0.4033103287220001,
        -0.39105409383773804,
        -0.3138863146305084,
        -0.40499892830848694,
        -0.3619893789291382,
        -0.3335428237915039,
        -0.3534281849861145,
        0.3891192078590393,
        0.3919525742530823
    ],
    "DOXORUBICIN": [
        0.36564233899116516,
        -0.33720433712005615,
        0.2905887961387634,
        0.391482949256897,
        -0.33859771490097046,
        0.32755839824676514,
        -0.33103281259536743,
        -0.2977820932865143,
        -0.3631942868232727,
        -0.40319982171058655,
        -0.4064561426639557,
        -0.3627997040748596,
        -0.35931503772735596,
        -0.32636910676956177,
        0.3606589436531067,
        0.28991374373435974
    ],
    "ERLOTINIB": [
        0.36770114302635193,
        -0.35013332962989807,
        0.3837394714355469,
        0.3716999888420105,
        -0.3346276879310608,
        0.3283747434616089,
        -0.33331623673439026,
        -0.2975090742111206,
        -0.29233089089393616,
        -0.37940120697021484,
        -0.3892607092857361,
        -0.3036535084247589,
        -0.3009253442287445,
        -0.287835031747818,
        0.3953196406364441,
        0.354155570268631
    ],
    "ETOPOSIDE": [
        0.29820433259010315,
        -0.3867868185043335,
        0.35849878191947937,
        0.3836970031261444,
        -0.3898020386695862,
        0.3391694724559784,
        -0.40469634532928467,
        -0.36781278252601624,
        -0.3078245520591736,
        -0.2899019420146942,
        -0.3341977894306183,
        -0.3957517147064209,
        -0.3329821228981018,
        -0.34463658928871155,
        0.299203485250473,
        0.3652245104312897
    ],
    "GELDANAMYCIN": [
        0.2927001118659973,
        -0.31522852182388306,
        0.3795468509197235,
        0.38531386852264404,
        -0.3916403651237488,
        0.38417404890060425,
        -0.3596419095993042,
        -0.37675923109054565,
        -0.3987116515636444,
        -0.3286696970462799,
        -0.3679911196231842,
        -0.3635118007659912,
        -0.3677405118942261,
        -0.3883959949016571,
        0.38992610573768616,
        0.38827797770500183
    ],
    "GEMCITABINE": [
        0.3245888352394104,
        -0.4041658639907837,
        0.3379693925380707,
        0.33325111865997314,
        -0.33741432428359985,
        0.3142467141151428,
        -0.3179264962673187,
        -0.30798205733299255,
        -0.3848583400249481,
        -0.3620634377002716,
        -0.3049619495868683,
        -0.323333740234375,
        -0.30068039894104004,
        -0.29371342062950134,
        0.4074401259422302,
        0.28796762228012085
    ],
    "L778123": [
        0.3716623783111572,
        -0.36824831366539,
        0.30729103088378906,
        0.3344932794570923,
        -0.33490288257598877,
        0.3261943757534027,
        -0.3600512146949768,
        -0.3954501152038574,
        -0.3217012584209442,
        -0.3783552348613739,
        -0.3058353066444397,
        -0.37934044003486633,
        -0.338884174823761,
        -0.3754856288433075,
        0.3723183870315552,
        0.35975024104118347
    ],