{
    "5-FU": [
        0.4095916450023651,
        -0.40946120023727417,
        -0.3853347599506378,
        -0.3200668394565582,
        -0.35348963737487793,
        0.31560856103897095,
        -0.284023642539978,
        0.36723223328590393
    ],
    "ABT-888": [
        0.3979912996292114,
        -0.3492324948310852,
        -0.4141054153442383,
        -0.34780529141426086,
        -0.30684226751327515,
        0.3366144895553589,
        -0.40374118089675903,
        0.42734965682029724
    ],
    "AZD1775": [
        0.4843020439147949,
        -0.4209854304790497,
        -0.4482848048210144,
        -0.3428212106227875,
        -0.4284646511077881,
        0.3558284342288971,
        -0.37707480788230896,
        0.2753728926181793
    ],
    "BEZ-235": [
        0.436445027589798,
        -0.35519418120384216,
        -0.4810501039028168,
        -0.4592275023460388,
        -0.41938522458076477,
        0.404782772064209,
        -0.45253750681877136,
        0.2733839750289917
    ],
    "BORTEZOMIB": [
        0.4324001967906952,
        -0.36520108580589294,
        -0.48861560225486755,
        -0.418498158454895,
        -0.3788224160671234,
        0.40678083896636963,
        -0.30231136083602905,
        0.3037589192390442
    ],
    "CARBOPLATIN": [
        0.49950307607650757,
        -0.4325745701789856,
        -0.3934784531593323,
        -0.42972221970558167,
        -0.426579087972641,
        0.37215644121170044,
        -0.3093077838420868,
        0.3502422571182251
    ],
    "CYCLOPHOSPHAMIDE": [
        0.4248894453048706,
        -0.37721067667007446,
        -0.49065056443214417,
        -0.29419994354248047,
        -0.4081154763698578,
        0.49000823497772217,
        -0.4463091194629669,
        0.27135103940963745
    ],
    "DASATINIB": [
        0.46694236993789673,
        -0.35317549109458923,
        -0.41112637519836426,
        -0.2856711447238922,
        -0.38783538341522217,
        0.3920958340167999,
        -0.45684516429901123,
        0.27107927203178406
    ],
    "DEXAMETHASONE": [
        0.43842530250549316,
        -0.33680230379104614,
        -0.4052885174751282,
        -0.4319082498550415,
        -0.48161792755126953,
        0.4695729613304138,
        -0.3024264872074127,
        0.49401023983955383
    ],
    "DINACICLIB": [
        0.30391237139701843,
        -0.41374310851097107,
        -0.3907621204853058,
        -0.40011703968048096,
        -0.48370394110679626,
        0.47406429052352905,
        -0.34445467591285706,
        0.4572141766548157
    ],
    "DOXORUBICIN": [
        0.48733872175216675,
        -0.3091881275177002,
        -0.47904297709465027,
        -0.4906742572784424,
        -0.40337181091308594,
        0.3174816071987152,
        -0.39774230122566223,
        0.3430185317993164
    ],
    "ERLOTINIB": [
        0.41334661841392517,
        -0.3695048987865448,
        -0.37552422285079956,
        -0.39408496022224426,
        -0.3146926164627075,
        0.4123973250389099,
        -0.4475184381008148,
        0.2823018431663513
    ],
    "ETOPOSIDE": [
        0.441843718290329,
        -0.47342079877853394,
        -0.49328500032424927,
        -0.4325006306171417,
        -0.3834567368030548,
        0.36303338408470154,
        -0.45623481273651123,
        0.35188812017440796
    ],
    "GELDANAMYCIN": [
        0.3365771770477295,
        -0.4760848879814148,
        -0.4640043079853058,
        -0.4720427393913269,
        -0.36753761768341064,
        0.25302231311798096,
        -0.3639167845249176,
        0.4595358371734619
    ],
    "GEMCITABINE": [
        0.44041410088539124,
        -0.44920194149017334,
        -0.3685942590236664,
        -0.38501715660095215,
        -0.4463931918144226,
        0.41589805483818054,
        -0.34613630175590515,
        0.4764394462108612
    ],
    "L778123": [
        0.36823901534080505,
        -0.2722555100917816,
        -0.401321679353714,
        -0.4072430729866028,
        -0.3964199125766754,
        0.2890489399433136,
        -0.4330191910266876,
        0.4491918683052063
    ],
    "LAPATINIB": [
        0.43759065866470337,
        -0.31183046102523804,
        -0.40897461771965027,
        -0.2652989625930786,
        -0.3960196375846863,
        0.30064430832862854,
        -0.3343298137187958,
        0.4675060510635376
    ],
    "METFORMIN": [
        0.3423408567905426,
        -0.47414442896842957,
        -0.286516010761261,
        -0.3603416979312897,
        -0.40117204189300537,
        0.3429095447063446,
        -0.2938164174556732,
        0.3540394902229309
    ],
    "METHOTREXATE": [
        0.29804474115371704,
        -0.2999928295612335,
        -0.3367561995983124,
        -0.2986565828323364,
        -0.41642165184020996,
        0.3326004445552826,
        -0.3935956358909607,
        0.4143357574939728
    ],
    "MITOMYCINE": [
        0.3206106126308441,
        -0.499723881483078,
        -0.3566744327545166,
        -0.31749817728996277,
        -0.4262166917324066,
        0.26810765266418457,
        -0.48396265506744385,
        0.449092835187912
    ],
    "MK-2206": [
        0.2563014030456543,
        -0.33165884017944336,
        -0.3264789283275604,
        -0.3075006604194641,
        -0.4775142967700958,
        0.47392556071281433,
        -0.41035306453704834,
        0.30858778953552246
    ],
    "MK-4541": [
        0.3664531111717224,
        -0.3618431091308594,
        -0.4922816753387451,
        -0.4324852228164673,
        -0.33483704924583435,
        0.3804965019226074,
        -0.28616631031036377,
        0.40896472334861755
    ],
    "MK-4827": [
        0.48431286215782166,
        -0.3771800696849823,
        -0.36330074071884155,
        -0.44706985354423523,
        -0.4749433398246765,
        0.4296557605266571,
        -0.4788505434989929,
        0.32246461510658264
    ],
    "MK-5108": [
        0.33372971415519714,
        -0.4006197452545166,
        -0.3382485806941986,
        -0.2864413559436798,
        -0.4439335763454437,
        0.48476216197013855,
        -0.4762322008609772,
        0.3367060124874115
    ],
    "MK-8669": [
        0.25855547189712524,
        -0.43451738357543945,
        -0.3800498843193054,
        -0.2822379767894745,
        -0.43051499128341675,
        0.4221956729888916,
        -0.29718372225761414,
        0.3750593066215515
    ],
    "MK-8776": [
        0.332579642534256,
        -0.32510286569595337,
        -0.2774781584739685,
        -0.4195922315120697,
        -0.4419010281562805,
        0.4798273742198944,
        -0.2764507532119751,
        0.3903142213821411
    ],
    "MRK-003": [
        0.34531310200691223,
        -0.3463033139705658,
        -0.4699085056781769,
        -0.4907117486000061,
        -0.299344003200531,
        0.4810100495815277,
        -0.49294888973236084,
        0.44041889905929565
    ],
    "OXALIPLATIN": [
        0.3722613751888275,
        -0.42737704515457153,
        -0.36481717228889465,
        -0.47833067178726196,
        -0.46789661049842834,
        0.2919214963912964,
        -0.4591142237186432,
        0.4752049148082733
    ],
    "PACLITAXEL": [
        0.4419013559818268,
        -0.4080350697040558,
        -0.2776927351951599,
        -0.2884565591812134,
        -0.29882895946502686,
        0.32660290598869324,
        -0.2615761160850525,
        0.46034348011016846
    ],
    "PD325901": [
        0.49568191170692444,
        -0.4337500035762787,
        -0.43557867407798767,
        -0.3450177311897278,
        -0.38477566838264465,
        0.4754559397697449,
        -0.4485970437526703,
        0.33124640583992004
    ],
    "SN-38": [
        0.25596490502357483,
        -0.4243401885032654,
        -0.3851109445095062,
        -0.41555464267730713,
        -0.48003870248794556,
        0.459303081035614,
        -0.47939416766166687,
        0.3901404142379761
    ],