{
    "5-FU": [
        0.542631983757019,
        -0.6134506464004517,
        0.6658561825752258,
        -0.6620298027992249,
        -0.4527582824230194,
        0.5711308717727661,
        -0.67335444688797,
        -0.6364541053771973
    ],
    "ABT-888": [
        0.6602727770805359,
        -0.6703458428382874,
        0.5669465661048889,
        -0.5088182091712952,
        -0.5248838067054749,
        0.6365793943405151,
        -0.5251759886741638,
        -0.7021316289901733
    ],
    "AZD1775": [
        0.56844562292099,
        -0.7282102108001709,
        0.6525401473045349,
        -0.5804044604301453,
        -0.5059490203857422,
        0.6671426296234131,
        -0.5668182373046875,
        -0.5110911726951599
    ],
    "BEZ-235": [
        0.63724684715271,
        -0.5917421579360962,
        0.529542088508606,
        -0.6128407120704651,
        -0.49614378809928894,
        0.5599028468132019,
        -0.6390475630760193,
        -0.6955388188362122
    ],
    "BORTEZOMIB": [
        0.5503955483436584,
        -0.5541030168533325,
        0.56992506980896,
        -0.628014087677002,
        -0.6286062002182007,
        0.5875571966171265,
        -0.5568833947181702,
        -0.6932158470153809
    ],
    "CARBOPLATIN": [
        0.6311205625534058,
        -0.4366939067840576,
        0.545036792755127,
        -0.5366029143333435,
        -0.5027552843093872,
        0.58267742395401,
        -0.6539064645767212,
        -0.6593528985977173
    ],
    "CYCLOPHOSPHAMIDE": [
        0.7192661762237549,
        -0.5499681234359741,
        0.7019975185394287,
        -0.5192287564277649,
        -0.5311884880065918,
        0.5333831906318665,
        -0.6821558475494385,
        -0.55051589012146
    ],
    "DASATINIB": [
        0.5747753977775574,
        -0.6636372208595276,
        0.536011278629303,
        -0.5894826650619507,
        -0.6850342750549316,
        0.6206403374671936,
        -0.5482422113418579,
        -0.6431117653846741
    ],
    "DEXAMETHASONE": [
        0.6553638577461243,
        -0.49185866117477417,
        0.637999415397644,
        -0.6692823767662048,
        -0.5348719954490662,
        0.6366901993751526,
        -0.4775393605232239,
        -0.6132721900939941
    ],
    "DINACICLIB": [
        0.5737903714179993,
        -0.5468761324882507,
        0.6269097328186035,
        -0.6463150978088379,
        -0.6378477811813354,
        0.6306238770484924,
        -0.5452554225921631,
        -0.6256095170974731
    ],
    "DOXORUBICIN": [
        0.647284209728241,
        -0.5375558733940125,
        0.5404308438301086,
        -0.6528405547142029,
        -0.6512070894241333,
        0.6292772889137268,
        -0.5731328129768372,
        -0.5882758498191833
    ],
    "ERLOTINIB": [
        0.5526120662689209,
        -0.6933597922325134,
        0.6820648312568665,
        -0.6603861451148987,
        -0.4553590714931488,
        0.6455426216125488,
        -0.6006646156311035,
        -0.575931966304779
    ],
    "ETOPOSIDE": [
        0.528516948223114,
        -0.6634075045585632,
        0.49332234263420105,
        -0.48330432176589966,
        -0.677367091178894,
        0.642464816570282,
        -0.6373586058616638,
        -0.6548305153846741
    ],
    "GELDANAMYCIN": [
        0.5042259097099304,
        -0.6580868363380432,
        0.6497014164924622,
        -0.4699636995792389,
        -0.6864319443702698,
        0.5526644587516785,
        -0.6601362824440002,
        -0.5947773456573486
    ],
    "GEMCITABINE": [
        0.5331577658653259,
        -0.6267106533050537,
        0.6025761961936951,
        -0.6100941896438599,
        -0.6603217124938965,
        0.7011731266975403,
        -0.48665452003479004,
        -0.5135948061943054
    ],
    "L778123": [
        0.6590824723243713,
        -0.6552965044975281,
        0.5771806240081787,
        -0.5082814693450928,
        -0.6250404715538025,
        0.6081380844116211,
        -0.538352906703949,
        -0.6487419605255127
    ],
    "LAPATINIB": [
        0.531773567199707,
        -0.6173490881919861,
        0.631321907043457,
        -0.5203783512115479,
        -0.6431544423103333,
        0.7182165384292603,
        -0.5139048099517822,
        -0.6377649307250977
    ],
    "METFORMIN": [
        0.592543363571167,
        -0.48484399914741516,
        0.6950125098228455,
        -0.607538104057312,
        -0.5095416307449341,
        0.6626980900764465,
        -0.603585958480835,
        -0.5697370767593384
    ],
    "METHOTREXATE": [
        0.49536579847335815,
        -0.6096904277801514,
        0.5176731944084167,
        -0.6685289740562439,
        -0.7081038355827332,
        0.5067355036735535,
        -0.6897872686386108,
        -0.6260526180267334
    ],
    "MITOMYCINE": [
        0.45589473843574524,
        -0.6560525298118591,
        0.5017631649971008,
        -0.6300426125526428,
        -0.5765802264213562,
        0.6095372438430786,
        -0.663084089756012,
        -0.6492827534675598
    ],
    "MK-2206": [
        0.5627276301383972,
        -0.6121840476989746,
        0.6955739855766296,
        -0.5834243297576904,
        -0.6301699280738831,
        0.48942750692367554,
        -0.5582184791564941,
        -0.7163072824478149
    ],
    "MK-4541": [
        0.6421438455581665,
        -0.6371081471443176,
        0.5696328282356262,
        -0.6138743758201599,
        -0.512582540512085,
        0.49421197175979614,
        -0.6190000176429749,
        -0.6241470575332642
    ],
    "MK-4827": [
        0.6693335175514221,
        -0.5945088863372803,
        0.6200026273727417,
        -0.6807456016540527,
        -0.6476835012435913,
        0.5466468930244446,
        -0.5538600087165833,
        -0.5461899042129517
    ],
    "MK-5108": [
        0.5788808465003967,
        -0.6211898326873779,
        0.5426113605499268,
        -0.6880533695220947,
        -0.5664063692092896,
        0.5689903497695923,
        -0.5678545832633972,
        -0.6664599776268005
    ],
    "MK-8669": [
        0.6408610939979553,
        -0.6105119585990906,
        0.5209713578224182,
        -0.6595882177352905,
        -0.6518124938011169,
        0.5792263150215149,
        -0.5518709421157837,
        -0.5553140044212341
    ],
    "MK-8776": [
        0.463139146566391,
        -0.5633857846260071,
        0.6670498847961426,
        -0.6230224370956421,
        -0.6670144200325012,
        0.6165939569473267,
        -0.6935195326805115,
        -0.5001004934310913
    ],
    "MRK-003": [
        0.5226386189460754,
        -0.5229917168617249,
        0.6886250972747803,
        -0.4985659420490265,
        -0.5347369313240051,
        0.6710046529769897,
        -0.6507094502449036,
        -0.6201342940330505
    ],
    "OXALIPLATIN": [
        0.5459066033363342,
        -0.6074685454368591,
        0.5603302717208862,
        -0.6154201626777649,
        -0.6183345913887024,
        0.5586246848106384,
        -0.6110167503356934,
        -0.5594423413276672
    ],
    "PACLITAXEL": [
        0.5289167165756226,
        -0.6498415470123291,
        0.6422047019004822,
        -0.6066720485687256,
        -0.5582793354988098,
        0.6215440630912781,
        -0.5579246282577515,
        -0.6078230142593384
    ],
    "PD325901": [
        0.6415721774101257,
        -0.5164466500282288,
        0.6004078388214111,
        -0.6430351734161377,
        -0.641848623752594,
        0.6212176084518433,
        -0.4554744362831116,
        -0.6428915858268738
    ],
    "SN-38": [
        0.5899641513824463,
        -0.6939586997032166,
        0.4870600700378418,
        -0.6676395535469055,
        -0.5639497637748718,
        0.7326434850692749,
        -0.5221080183982849,
        -0.5087640881538391
    ],