{
    "5-FU": [
        0.30802085995674133,
        -0.37887611985206604,
        -0.33228209614753723,
        -0.27817824482917786,
        -0.27671343088150024,
        0.4409562051296234,
        -0.41256269812583923,
        0.3278521001338959
    ],
    "ABT-888": [
        0.4219893217086792,
        -0.2740083336830139,
        -0.4492885172367096,
        -0.4678822159767151,
        -0.3493792414665222,
        0.3937675952911377,
        -0.4888574481010437,
        0.491136372089386
    ],
    "AZD1775": [
        0.407084584236145,
        -0.31450551748275757,
        -0.3953206539154053,
        -0.3716697096824646,
        -0.3163168430328369,
        0.5055052638053894,
        -0.45232439041137695,
        0.2953401803970337
    ],
    "BEZ-235": [
        0.4540071189403534,
        -0.426455020904541,
        -0.2608186900615692,
        -0.47065863013267517,
        -0.4209178388118744,
        0.3719657063484192,
        -0.36009007692337036,
        0.49398714303970337
    ],
    "BORTEZOMIB": [
        0.4149058163166046,
        -0.3358970880508423,
        -0.47960469126701355,
        -0.29202544689178467,
        -0.46925973892211914,
        0.4647417962551117,
        -0.39889755845069885,
        0.4867061376571655
    ],
    "CARBOPLATIN": [
        0.3059931695461273,
        -0.2731933891773224,
        -0.4897426962852478,
        -0.4007822275161743,
        -0.35621219873428345,
        0.36334553360939026,
        -0.3647162616252899,
        0.3394168019294739
    ],
    "CYCLOPHOSPHAMIDE": [
        0.378631055355072,
        -0.3136563003063202,
        -0.46349695324897766,
        -0.4082238972187042,
        -0.38777634501457214,
        0.3356300890445709,
        -0.2830665707588196,
        0.29570356011390686
    ],
    "DASATINIB": [
        0.39493614435195923,
        -0.4352811276912689,
        -0.48796024918556213,
        -0.43609920144081116,
        -0.4386822283267975,
        0.4965652823448181,
        -0.434449702501297,
        0.28783857822418213
    ],
    "DEXAMETHASONE": [
        0.40087881684303284,
        -0.29094284772872925,
        -0.36937448382377625,
        -0.4321673810482025,
        -0.26966238021850586,
        0.27911487221717834,
        -0.42010244727134705,
        0.34656381607055664
    ],
    "DINACICLIB": [
        0.4009866714477539,
        -0.5032472610473633,
        -0.27967992424964905,
        -0.32353541254997253,
        -0.39290720224380493,
        0.309497207403183,
        -0.41228029131889343,
        0.48680537939071655
    ],
    "DOXORUBICIN": [
        0.3622499406337738,
        -0.44117268919944763,
        -0.38372671604156494,
        -0.45520761609077454,
        -0.35272645950317383,
        0.3358793258666992,
        -0.5002714991569519,
        0.29815229773521423
    ],
    "ERLOTINIB": [
        0.3831357955932617,
        -0.4659229516983032,
        -0.31434518098831177,
        -0.4138486087322235,
        -0.4060550928115845,
        0.3559415936470032,
        -0.2878592014312744,
        0.35116440057754517
    ],
    "ETOPOSIDE": [
        0.40983375906944275,
        -0.30562397837638855,
        -0.4815831482410431,
        -0.3314412832260132,
        -0.33904436230659485,
        0.4343339204788208,
        -0.39091306924819946,
        0.30337053537368774
    ],
    "GELDANAMYCIN": [
        0.40605613589286804,
        -0.4086453914642334,
        -0.4329485297203064,
        -0.39223387837409973,
        -0.3642125725746155,
        0.4698927402496338,
        -0.2811416983604431,
        0.3614922761917114
    ],
    "GEMCITABINE": [
        0.4693325161933899,
        -0.29156363010406494,
        -0.3981563448905945,
        -0.32042595744132996,
        -0.45482319593429565,
        0.39619699120521545,
        -0.47264906764030457,
        0.42419523000717163
    ],
    "L778123": [
        0.4770965576171875,
        -0.40715453028678894,
        -0.41567936539649963,
        -0.458264023065567,
        -0.320252925157547,
        0.4244641363620758,
        -0.4818247854709625,
        0.4940318465232849
    ],
    "LAPATINIB": [
        0.306706041097641,
        -0.46767812967300415,
        -0.3655216693878174,
        -0.4960860311985016,
        -0.475393146276474,
        0.33474206924438477,
        -0.33527812361717224,
        0.4905143976211548
    ],
    "METFORMIN": [
        0.28092631697654724,
        -0.33556076884269714,
        -0.39038631319999695,
        -0.36755669116973877,
        -0.3549974262714386,
        0.47398677468299866,
        -0.49100467562675476,
        0.2569541335105896
    ],
    "METHOTREXATE": [
        0.4986797869205475,
        -0.26322147250175476,
        -0.5008612275123596,
        -0.3032672107219696,
        -0.441871702671051,
        0.4626728594303131,
        -0.25764256715774536,
        0.4548082649707794
    ],
    "MITOMYCINE": [
        0.32329005002975464,
        -0.4834187626838684,
        -0.4847366213798523,
        -0.44325050711631775,
        -0.39201217889785767,
        0.4024248719215393,
        -0.41803795099258423,
        0.32794836163520813
    ],
    "MK-2206": [
        0.469002902507782,
        -0.26335641741752625,
        -0.39248499274253845,
        -0.451825886964798,
        -0.44324249029159546,
        0.3004641532897949,
        -0.39129796624183655,
        0.3321835994720459
    ],
    "MK-4541": [
        0.4943517744541168,
        -0.333739310503006,
        -0.4997442960739136,
        -0.43194833397865295,
        -0.46104761958122253,
        0.3716357946395874,
        -0.2971564829349518,
        0.46654653549194336
    ],
    "MK-4827": [
        0.4393886923789978,
        -0.4827670753002167,
        -0.32946476340293884,
        -0.25926417112350464,
        -0.34306851029396057,
        0.2999519407749176,
        -0.4358772039413452,
        0.3869672119617462
    ],
    "MK-5108": [
        0.4115655720233917,
        -0.37045955657958984,
        -0.44090011715888977,
        -0.4106932580471039,
        -0.5035748481750488,
        0.28134095668792725,
        -0.3765837550163269,
        0.4398670792579651
    ],
    "MK-8669": [
        0.38302621245384216,
        -0.3057258129119873,
        -0.3240732252597809,
        -0.4244973361492157,
        -0.35132962465286255,
        0.46794527769088745,
        -0.4875943958759308,
        0.263955295085907
    ],
    "MK-8776": [
        0.4883296489715576,
        -0.32794541120529175,
        -0.33786481618881226,
        -0.3870101869106293,
        -0.25860366225242615,
        0.4942290484905243,
        -0.4454984962940216,
        0.27172452211380005
    ],
    "MRK-003": [
        0.49343347549438477,
        -0.41361862421035767,
        -0.4734770357608795,
        -0.2929040193557739,
        -0.5001378059387207,
        0.31264811754226685,
        -0.27640530467033386,
        0.4816358983516693
    ],
    "OXALIPLATIN": [
        0.3742509186267853,
        -0.34418413043022156,
        -0.4516391456127167,
        -0.4129301607608795,
        -0.402449369430542,
        0.3349076211452484,
        -0.34564051032066345,
        0.41927090287208557
    ],
    "PACLITAXEL": [
        0.41101375222206116,
        -0.4884032607078552,
        -0.40549996495246887,
        -0.3028497099876404,
        -0.3124806582927704,
        0.3592008948326111,
        -0.34152597188949585,
        0.43323346972465515
    ],
    "PD325901": [
        0.2722572386264801,
        -0.4145980477333069,
        -0.400097519159317,
        -0.43795812129974365,
        -0.2923678159713745,
        0.3086010217666626,
        -0.4835137128829956,
        0.4337717592716217
    ],
    "SN-38": [
        0.4418600797653198,
        -0.39873504638671875,
        -0.34088507294654846,
        -0.4028775095939636,
        -0.42111194133758545,
        0.29372963309288025,
        -0.443814218044281,
        0.4106156527996063
    ],