{
    "5-FU": [
        -0.5239185690879822,
        -0.38696596026420593,
        -0.47454580664634705,
        -0.4348599314689636,
        0.4293234050273895,
        0.5276563167572021,
        -0.42926087975502014,
        0.5355775952339172,
        -0.4210863411426544,
        0.41928669810295105,
        0.5431636571884155,
        -0.43361786007881165,
        -0.523625373840332,
        0.4119236469268799,
        -0.4896135628223419,
        0.49398866295814514
    ],
    "ABT-888": [
        -0.4761391878128052,
        -0.3784448504447937,
        -0.4604155719280243,
        -0.43387797474861145,
        0.473112553358078,
        0.45939210057258606,
        -0.4926457703113556,
        0.41200971603393555,
        -0.502751350402832,
        0.433578759431839,
        0.5365447402000427,
        -0.47727078199386597,
        -0.46691781282424927,
        0.4891487956047058,
        -0.4566727578639984,
        0.3775884509086609
    ],
    "AZD1775": [
        -0.4593205153942108,
        -0.4864732623100281,
        -0.3519435226917267,
        -0.5596504807472229,
        0.44076940417289734,
        0.4889011085033417,
        -0.41087910532951355,
        0.38890454173088074,
        -0.5603969097137451,
        0.48461195826530457,
        0.5540088415145874,
        -0.37676578760147095,
        -0.5329641103744507,
        0.44017985463142395,
        -0.40156999230384827,
        0.4375385046005249
    ],
    "BEZ-235": [
        -0.47180619835853577,
        -0.48653465509414673,
        -0.3650357723236084,
        -0.5270467400550842,
        0.45875826478004456,
        0.41720184683799744,
        -0.5101110339164734,
        0.4521334171295166,
        -0.5043849349021912,
        0.4394845962524414,
        0.5501469373703003,
        -0.42153188586235046,
        -0.5002397894859314,
        0.4831516146659851,
        -0.5051124095916748,
        0.45201021432876587
    ],
    "BORTEZOMIB": [
        -0.45288676023483276,
        -0.4969402551651001,
        -0.5088754892349243,
        -0.5289949774742126,
        0.5281121730804443,
        0.4169541299343109,
        -0.5105172991752625,
        0.4858998954296112,
        -0.42561566829681396,
        0.4899389147758484,
        0.44642743468284607,
        -0.4525536894798279,
        -0.3956049084663391,
        0.5254865288734436,
        -0.5290606617927551,
        0.4601660668849945
    ],
    "CARBOPLATIN": [
        -0.5337013006210327,
        -0.2560420334339142,
        -0.3893126845359802,
        -0.28246942162513733,
        0.4039113521575928,
        0.47149354219436646,
        -0.37360256910324097,
        0.4876985549926758,
        -0.35378581285476685,
        0.4535505771636963,
        0.540752649307251,
        -0.4500123858451843,
        -0.3058083951473236,
        0.40456846356391907,
        -0.456304132938385,
        0.3487701416015625
    ],
    "CYCLOPHOSPHAMIDE": [
        -0.5643333196640015,
        -0.503791868686676,
        -0.3383386731147766,
        -0.5540714263916016,
        0.5731463432312012,
        0.3885294795036316,
        -0.3585285544395447,
        0.4816243350505829,
        -0.5535880923271179,
        0.46944332122802734,
        0.45231443643569946,
        -0.3186376392841339,
        -0.43039077520370483,
        0.34356987476348877,
        -0.3273431062698364,
        0.35482552647590637
    ],
    "DASATINIB": [
        -0.463686466217041,
        -0.5496705770492554,
        -0.4795253276824951,
        -0.44307246804237366,
        0.5109539031982422,
        0.4503931701183319,
        -0.49294406175613403,
        0.41825321316719055,
        -0.4827477037906647,
        0.4006481468677521,
        0.43395236134529114,
        -0.49544405937194824,
        -0.5424512028694153,
        0.5323785543441772,
        -0.4628232717514038,
        0.47198155522346497
    ],
    "DEXAMETHASONE": [
        -0.5086677074432373,
        -0.435259610414505,
        -0.5232892036437988,
        -0.28723835945129395,
        0.3419412076473236,
        0.532511293888092,
        -0.49495962262153625,
        0.37605011463165283,
        -0.3128148913383484,
        0.48878738284111023,
        0.48623088002204895,
        -0.3937385082244873,
        -0.4324706196784973,
        0.34588199853897095,
        -0.3603382706642151,
        0.43294453620910645
    ],
    "DINACICLIB": [
        -0.45187821984291077,
        -0.45261043310165405,
        -0.40657931566238403,
        -0.5015695095062256,
        0.48028862476348877,
        0.35606658458709717,
        -0.5096198320388794,
        0.46347618103027344,
        -0.596443772315979,
        0.4710753560066223,
        0.4853667914867401,
        -0.4731460213661194,
        -0.539592981338501,
        0.5573288798332214,
        -0.4252564609050751,
        0.4015974998474121
    ],
    "DOXORUBICIN": [
        -0.5435892343521118,
        -0.361610472202301,
        -0.4727044105529785,
        -0.3751486539840698,
        0.3878932595252991,
        0.5057968497276306,
        -0.5124891996383667,
        0.5003496408462524,
        -0.34503576159477234,
        0.4731455147266388,
        0.36819174885749817,
        -0.5241304039955139,
        -0.4182240664958954,
        0.37004560232162476,
        -0.4265206754207611,
        0.5725212097167969
    ],
    "ERLOTINIB": [
        -0.506544291973114,
        -0.48016268014907837,
        -0.258709192276001,
        -0.62997967004776,
        0.5345966219902039,
        0.3054472804069519,
        -0.5035015940666199,
        0.5295863151550293,
        -0.4674447178840637,
        0.5274797081947327,
        0.5143640637397766,
        -0.40388572216033936,
        -0.48844408988952637,
        0.4106415808200836,
        -0.4198229908943176,
        0.5018365979194641
    ],
    "ETOPOSIDE": [
        -0.4790518283843994,
        -0.4853968322277069,
        -0.5417976379394531,
        -0.48817312717437744,
        0.3611856997013092,
        0.4132404029369354,
        -0.42281731963157654,
        0.5261484384536743,
        -0.49752235412597656,
        0.358246773481369,
        0.3552853465080261,
        -0.515108048915863,
        -0.508114755153656,
        0.44038429856300354,
        -0.5163936018943787,
        0.5237419605255127
    ],
    "GELDANAMYCIN": [
        -0.38747382164001465,
        -0.5159711241722107,
        -0.5573298335075378,
        -0.43206459283828735,
        0.4529847800731659,
        0.5423164367675781,
        -0.47088557481765747,
        0.5197845697402954,
        -0.3823707103729248,
        0.4728492498397827,
        0.3390808701515198,
        -0.5320737361907959,
        -0.4620950222015381,
        0.4129093885421753,
        -0.4498903751373291,
        0.453825980424881
    ],
    "GEMCITABINE": [
        -0.43718117475509644,
        -0.4986370801925659,
        -0.46456199884414673,
        -0.41027677059173584,
        0.5372328758239746,
        0.49198877811431885,
        -0.4189305007457733,
        0.5086990594863892,
        -0.41635212302207947,
        0.4037240743637085,
        0.46313223242759705,
        -0.45913809537887573,
        -0.389053612947464,
        0.4256732761859894,
        -0.40582406520843506,
        0.37377607822418213
    ],
    "L778123": [
        -0.5276971459388733,
        -0.4901396930217743,
        -0.4396485686302185,
        -0.46756458282470703,
        0.5130317211151123,
        0.45133277773857117,
        -0.5266348123550415,
        0.46028339862823486,
        -0.516328752040863,
        0.3750316798686981,
        0.5337815880775452,
        -0.4419778287410736,
        -0.53038489818573,
        0.5459578633308411,
        -0.4364506006240845,
        0.4487713873386383
    ],