{
    "5-FU": [
        -0.3224189281463623,
        -0.2123379409313202,
        0.9048242568969727,
        0.9265393614768982,
        -0.7480987310409546,
        0.5927343368530273,
        -0.09413454681634903,
        0.4845084547996521
    ],
    "ABT-888": [
        -0.968828558921814,
        -0.5604181885719299,
        0.7288307547569275,
        0.6964800357818604,
        -0.6436600685119629,
        0.6797776222229004,
        0.7306200265884399,
        0.8020239472389221
    ],
    "AZD1775": [
        -0.9262732863426208,
        -0.6118749380111694,
        0.6813720464706421,
        0.7711381316184998,
        -0.5901474356651306,
        0.7831237316131592,
        0.7420138716697693,
        0.7744632959365845
    ],
    "BEZ-235": [
        -1.0145156383514404,
        -0.9132210612297058,
        0.6442450284957886,
        0.5470758676528931,
        -0.7776670455932617,
        0.7420693635940552,
        1.1392871141433716,
        0.8383997082710266
    ],
    "BORTEZOMIB": [
        -0.5761466026306152,
        -0.6653038263320923,
        0.7993805408477783,
        0.6964609622955322,
        -0.7489810585975647,
        0.6261776089668274,
        0.690935492515564,
        0.623542845249176
    ],
    "CARBOPLATIN": [
        -0.23388169705867767,
        -0.4393942356109619,
        0.8144101500511169,
        1.0063884258270264,
        -0.8862869143486023,
        0.49215471744537354,
        0.01420051883906126,
        0.3292383849620819
    ],
    "CYCLOPHOSPHAMIDE": [
        -0.32720568776130676,
        -0.36283427476882935,
        0.8744369149208069,
        0.9351453185081482,
        -0.567847728729248,
        0.4433390498161316,
        -0.07050216197967529,
        0.5878287553787231
    ],
    "DASATINIB": [
        -0.791351318359375,
        -0.52794349193573,
        0.9031575918197632,
        0.7396517992019653,
        -0.49115189909935,
        0.6639837026596069,
        0.4498320519924164,
        0.6072417497634888
    ],
    "DEXAMETHASONE": [
        -0.670488715171814,
        -0.9236331582069397,
        0.5803554654121399,
        0.6634739637374878,
        -0.7714181542396545,
        0.8862942457199097,
        0.9844423532485962,
        0.8539241552352905
    ],
    "DINACICLIB": [
        -0.9503909349441528,
        -0.6024255156517029,
        0.6752931475639343,
        0.8393183350563049,
        -0.5591883063316345,
        0.7464832067489624,
        0.666686475276947,
        0.7364493012428284
    ],
    "DOXORUBICIN": [
        -0.49500295519828796,
        -0.8197067975997925,
        0.6557422876358032,
        0.7165733575820923,
        -0.9790807366371155,
        0.5903801918029785,
        0.6755096316337585,
        0.6254960894584656
    ],
    "ERLOTINIB": [
        -0.7152742147445679,
        -0.7722352147102356,
        0.7498287558555603,
        0.5196331143379211,
        -0.8208581209182739,
        0.8163532018661499,
        0.8681221604347229,
        0.809240996837616
    ],
    "ETOPOSIDE": [
        -0.383257120847702,
        -0.8916475772857666,
        0.5949716567993164,
        0.751227080821991,
        -0.9493067264556885,
        0.6749997138977051,
        0.827392041683197,
        0.6659584641456604
    ],
    "GELDANAMYCIN": [
        -0.6478864550590515,
        -0.8577394485473633,
        0.6455605030059814,
        0.7196958661079407,
        -0.7159711718559265,
        0.6422699689865112,
        0.8133440613746643,
        0.6807349920272827
    ],
    "GEMCITABINE": [
        -0.3761146068572998,
        -0.3363395035266876,
        0.9196929335594177,
        1.070511817932129,
        -0.6640341877937317,
        0.402834415435791,
        0.04637211933732033,
        0.6132466197013855
    ],
    "L778123": [
        -0.9202154874801636,
        -0.5791826844215393,
        0.7876262664794922,
        0.5978745222091675,
        -0.6156968474388123,
        0.7366892099380493,
        0.7788006067276001,
        0.8244102597236633
    ],
    "LAPATINIB": [
        -0.8327823877334595,
        -0.6497042179107666,
        0.6186299920082092,
        0.6967223286628723,
        -0.6859729886054993,
        0.8072777390480042,
        0.6164065599441528,
        0.5795462131500244
    ],
    "METFORMIN": [
        -0.8675633072853088,
        0.12541218101978302,
        0.9651415944099426,
        1.2246021032333374,
        -0.3894387483596802,
        0.4506668746471405,
        -0.3055015206336975,
        0.6653385758399963
    ],
    "METHOTREXATE": [
        -0.7047737240791321,
        -0.3524570167064667,
        0.8453649282455444,
        0.9100556969642639,
        -0.7603651285171509,
        0.490667462348938,
        0.3198258876800537,
        0.70781010389328
    ],
    "MITOMYCINE": [
        -0.47358447313308716,
        -0.5220773816108704,
        0.8541988134384155,
        0.8000200390815735,
        -0.786053478717804,
        0.6600438952445984,
        0.3735778033733368,
        0.672978937625885
    ],
    "MK-2206": [
        -1.03130042552948,
        -0.7250158786773682,
        0.6659043431282043,
        0.5096800923347473,
        -0.7358013987541199,
        0.7738550901412964,
        1.103896975517273,
        0.9253231287002563
    ],
    "MK-4541": [
        -0.7960122227668762,
        -0.6422662734985352,
        0.8382245302200317,
        0.6694928407669067,
        -0.6359229683876038,
        0.8096156716346741,
        0.5762060284614563,
        0.6152297258377075
    ],
    "MK-4827": [
        -0.9736646413803101,
        -0.7290818095207214,
        0.6568295955657959,
        0.5807715058326721,
        -0.7475090026855469,
        0.7567859292030334,
        1.0256997346878052,
        0.8199586868286133
    ],
    "MK-5108": [
        -0.5945715308189392,
        -0.749589741230011,
        0.6262180209159851,
        0.7156254053115845,
        -0.6042702198028564,
        0.7103177905082703,
        0.6335586905479431,
        0.7740592956542969
    ],
    "MK-8669": [
        -0.59027498960495,
        -0.9254308938980103,
        0.6435178518295288,
        0.5192806124687195,
        -0.9435325860977173,
        0.7191177010536194,
        1.023648738861084,
        0.7479071021080017
    ],
    "MK-8776": [
        -0.9183312058448792,
        -0.47183874249458313,
        0.8318061828613281,
        0.7616050243377686,
        -0.4041734039783478,
        0.734902024269104,
        0.4082714319229126,
        0.5725729465484619
    ],
    "MRK-003": [
        -0.7752583622932434,
        -0.5535730719566345,
        0.5641428828239441,
        0.8390053510665894,
        -0.41913264989852905,
        0.8150002360343933,
        0.44624048471450806,
        0.6900469064712524
    ],
    "OXALIPLATIN": [
        -0.3820045292377472,
        -0.45637795329093933,
        0.8319700360298157,
        0.9131346344947815,
        -0.8212693333625793,
        0.3703290522098541,
        0.1532232165336609,
        0.5744598507881165
    ],
    "PACLITAXEL": [
        -0.5905745625495911,
        -0.9640923142433167,
        0.6294528245925903,
        0.8028357625007629,
        -0.9395153522491455,
        0.777999222278595,
        0.7484267354011536,
        0.6666901111602783
    ],
    "PD325901": [
        -0.4939756691455841,
        -0.5760294198989868,
        0.6630722880363464,
        0.7465224266052246,
        -0.6985769867897034,
        0.6013287305831909,
        0.25651946663856506,
        0.6454959511756897
    ],
    "SN-38": [
        -0.6309618949890137,
        -0.749392569065094,
        0.79940265417099,
        0.73671954870224,
        -0.7689149975776672,
        0.6968364715576172,
        0.7716005444526672,
        0.7681307792663574
    ],