{
    "5-FU": [
        0.2876289188861847,
        -0.3579004108905792,
        -0.3313453495502472,
        -0.2812994718551636,
        0.36622604727745056,
        0.3427586257457733,
        0.3607766032218933,
        -0.3878706395626068,
        -0.3813161849975586,
        0.3429983854293823,
        0.35831621289253235,
        -0.3885551691055298,
        -0.35248690843582153,
        0.35246554017066956,
        0.3817422688007355,
        -0.38503366708755493
    ],
    "ABT-888": [
        0.2964310348033905,
        -0.28901946544647217,
        -0.3080679476261139,
        -0.31813061237335205,
        0.30301597714424133,
        0.34408143162727356,
        0.3481140434741974,
        -0.332033634185791,
        -0.35024362802505493,
        0.3501293957233429,
        0.32287320494651794,
        -0.38474735617637634,
        -0.3672301769256592,
        0.35157209634780884,
        0.31809499859809875,
        -0.40413394570350647
    ],
    "AZD1775": [
        0.3973289430141449,
        -0.3701695203781128,
        -0.39141541719436646,
        -0.33466073870658875,
        0.35750511288642883,
        0.3320610821247101,
        0.29055941104888916,
        -0.3784763216972351,
        -0.30452847480773926,
        0.282389372587204,
        0.29000124335289,
        -0.39052635431289673,
        -0.3858494162559509,
        0.3435160517692566,
        0.35067567229270935,
        -0.33021748065948486
    ],
    "BEZ-235": [
        0.39852800965309143,
        -0.38214075565338135,
        -0.37576863169670105,
        -0.37198254466056824,
        0.34520336985588074,
        0.373470276594162,
        0.3882424235343933,
        -0.2742859423160553,
        -0.3472054600715637,
        0.396294504404068,
        0.37523913383483887,
        -0.309620201587677,
        -0.3160613477230072,
        0.39274850487709045,
        0.35717806220054626,
        -0.38019490242004395
    ],
    "BORTEZOMIB": [
        0.3691067397594452,
        -0.3840014934539795,
        -0.2867066264152527,
        -0.29628992080688477,
        0.3287510573863983,
        0.30314400792121887,
        0.34734854102134705,
        -0.30164358019828796,
        -0.3176930844783783,
        0.370481014251709,
        0.35247883200645447,
        -0.3601491153240204,
        -0.28470563888549805,
        0.378902792930603,
        0.3852084279060364,
        -0.3881940543651581
    ],
    "CARBOPLATIN": [
        0.404122531414032,
        -0.3093218505382538,
        -0.35897111892700195,
        -0.2713783383369446,
        0.316532701253891,
        0.30081260204315186,
        0.28689879179000854,
        -0.38647201657295227,
        -0.3661271929740906,
        0.301016628742218,
        0.2879545986652374,
        -0.3003790080547333,
        -0.2929055988788605,
        0.3613823354244232,
        0.3824388384819031,
        -0.3652782738208771
    ],
    "CYCLOPHOSPHAMIDE": [
        0.29992035031318665,
        -0.30415078997612,
        -0.29025542736053467,
        -0.41120201349258423,
        0.34398791193962097,
        0.3980092704296112,
        0.3216222822666168,
        -0.3561612665653229,
        -0.31529247760772705,
        0.3177989721298218,
        0.3763323426246643,
        -0.37107133865356445,
        -0.32313522696495056,
        0.30173516273498535,
        0.34276899695396423,
        -0.3121735453605652
    ],
    "DASATINIB": [
        0.31917253136634827,
        -0.3395029306411743,
        -0.3252008855342865,
        -0.3901510536670685,
        0.3434019088745117,
        0.40623387694358826,
        0.38325557112693787,
        -0.27854618430137634,
        -0.34414684772491455,
        0.352672278881073,
        0.36578240990638733,
        -0.2968454658985138,
        -0.3666991591453552,
        0.36873382329940796,
        0.3882429599761963,
        -0.29510927200317383
    ],
    "DEXAMETHASONE": [
        0.29753583669662476,
        -0.3546351194381714,
        -0.30875691771507263,
        -0.35714393854141235,
        0.34779971837997437,
        0.2932201027870178,
        0.3790781795978546,
        -0.32295286655426025,
        -0.33748558163642883,
        0.34641605615615845,
        0.3234897553920746,
        -0.3556733727455139,
        -0.30609744787216187,
        0.3137664198875427,
        0.37332963943481445,
        -0.3117160499095917
    ],
    "DINACICLIB": [
        0.3270002603530884,
        -0.2945883274078369,
        -0.33513596653938293,
        -0.33489227294921875,
        0.2907906472682953,
        0.38852259516716003,
        0.3122888505458832,
        -0.3912599980831146,
        -0.3631899058818817,
        0.35892993211746216,
        0.37523654103279114,
        -0.3218090236186981,
        -0.32586953043937683,
        0.30544567108154297,
        0.3150542080402374,
        -0.3399794101715088
    ],
    "DOXORUBICIN": [
        0.299431174993515,
        -0.4014456570148468,
        -0.351583331823349,
        -0.2912149727344513,
        0.32125142216682434,
        0.32416829466819763,
        0.3702734112739563,
        -0.35101357102394104,
        -0.3593962788581848,
        0.3714717924594879,
        0.288727343082428,
        -0.3398266136646271,
        -0.32964998483657837,
        0.3752194344997406,
        0.37517765164375305,
        -0.3120167553424835
    ],
    "ERLOTINIB": [
        0.2842041850090027,
        -0.3718988299369812,
        -0.3595685362815857,
        -0.2880516052246094,
        0.2874065935611725,
        0.3436920642852783,
        0.3982802629470825,
        -0.3710419535636902,
        -0.34324583411216736,
        0.38020822405815125,
        0.4044497609138489,
        -0.3276708126068115,
        -0.3589770197868347,
        0.330532968044281,
        0.3685648739337921,
        -0.37406253814697266
    ],
    "ETOPOSIDE": [
        0.3102136254310608,
        -0.37204399704933167,
        -0.29335182905197144,
        -0.40452584624290466,
        0.38592880964279175,
        0.28459155559539795,
        0.3604397177696228,
        -0.3714214265346527,
        -0.28664910793304443,
        0.3136310577392578,
        0.35390859842300415,
        -0.3566927909851074,
        -0.3247661590576172,
        0.3384062647819519,
        0.3589456379413605,
        -0.34668946266174316
    ],
    "GELDANAMYCIN": [
        0.36908629536628723,
        -0.3960137665271759,
        -0.3528677225112915,
        -0.3222518861293793,
        0.3211233913898468,
        0.3532876968383789,
        0.3256010413169861,
        -0.2836766541004181,
        -0.29319146275520325,
        0.3019714653491974,
        0.38020840287208557,
        -0.3092883825302124,
        -0.3928110599517822,
        0.34230828285217285,
        0.2959281802177429,
        -0.3250000774860382
    ],
    "GEMCITABINE": [
        0.3160519599914551,
        -0.36433684825897217,
        -0.36024874448776245,
        -0.3667601943016052,
        0.3166563808917999,
        0.39867618680000305,
        0.3427448272705078,
        -0.32007649540901184,
        -0.38918840885162354,
        0.3536221385002136,
        0.39747917652130127,
        -0.28685158491134644,
        -0.281908243894577,
        0.3427231013774872,
        0.2853224277496338,
        -0.3564009666442871
    ],
    "L778123": [
        0.3561708331108093,
        -0.40681326389312744,
        -0.28358012437820435,
        -0.40887483954429626,
        0.36345332860946655,
        0.3961889445781708,
        0.39388197660446167,
        -0.33345264196395874,
        -0.294769823551178,
        0.34845486283302307,
        0.3636337220668793,
        -0.3143855333328247,
        -0.33241739869117737,
        0.296245813369751,
        0.2964417040348053,
        -0.309283971786499
    ],