{
    "5-FU": [
        -0.5268844962120056,
        0.5248445868492126,
        0.6563113331794739,
        0.6802685260772705,
        0.5355578660964966,
        0.5539323687553406,
        0.6279868483543396,
        -0.47207140922546387
    ],
    "ABT-888": [
        -0.6652551889419556,
        0.6072829365730286,
        0.4830191731452942,
        0.4858913719654083,
        0.5350645780563354,
        0.5101961493492126,
        0.6032390594482422,
        -0.6507738828659058
    ],
    "AZD1775": [
        -0.6491453051567078,
        0.6646605134010315,
        0.6026972532272339,
        0.5927065014839172,
        0.46155476570129395,
        0.5540587902069092,
        0.5091844201087952,
        -0.5954149961471558
    ],
    "BEZ-235": [
        -0.5010406374931335,
        0.5774167776107788,
        0.6696456074714661,
        0.5746048092842102,
        0.5716098546981812,
        0.46925365924835205,
        0.6666656136512756,
        -0.5713620781898499
    ],
    "BORTEZOMIB": [
        -0.5249426364898682,
        0.6322192549705505,
        0.5910398364067078,
        0.4672536253929138,
        0.5883890986442566,
        0.5636576414108276,
        0.5586926937103271,
        -0.6800734996795654
    ],
    "CARBOPLATIN": [
        -0.5769144296646118,
        0.5579451322555542,
        0.49689918756484985,
        0.641226053237915,
        0.541364848613739,
        0.6028869152069092,
        0.5927974581718445,
        -0.5938159823417664
    ],
    "CYCLOPHOSPHAMIDE": [
        -0.5098432302474976,
        0.5960952043533325,
        0.5730287432670593,
        0.6095929741859436,
        0.5984206199645996,
        0.5249233245849609,
        0.5095817446708679,
        -0.6677893400192261
    ],
    "DASATINIB": [
        -0.6109030842781067,
        0.6120670437812805,
        0.5995953679084778,
        0.5111226439476013,
        0.5245907306671143,
        0.519133448600769,
        0.5337429642677307,
        -0.6247580647468567
    ],
    "DEXAMETHASONE": [
        -0.5052505135536194,
        0.5339937806129456,
        0.6817895770072937,
        0.6031853556632996,
        0.4492672085762024,
        0.6901235580444336,
        0.5834493041038513,
        -0.5344907641410828
    ],
    "DINACICLIB": [
        -0.5630403161048889,
        0.5878437757492065,
        0.6416711807250977,
        0.6474491953849792,
        0.6434304714202881,
        0.45235809683799744,
        0.4413906931877136,
        -0.6563499569892883
    ],
    "DOXORUBICIN": [
        -0.685338020324707,
        0.5024009346961975,
        0.5403521060943604,
        0.5993120670318604,
        0.5252208709716797,
        0.6099738478660583,
        0.49891361594200134,
        -0.5932027697563171
    ],
    "ERLOTINIB": [
        -0.6877042651176453,
        0.4839332699775696,
        0.507480800151825,
        0.6696849465370178,
        0.6211909055709839,
        0.6208351850509644,
        0.45602741837501526,
        -0.534921407699585
    ],
    "ETOPOSIDE": [
        -0.5422780513763428,
        0.4978828728199005,
        0.6156390905380249,
        0.6718749403953552,
        0.6691884994506836,
        0.5507968068122864,
        0.4731898009777069,
        -0.5768234133720398
    ],
    "GELDANAMYCIN": [
        -0.5068254470825195,
        0.6314681172370911,
        0.5460750460624695,
        0.7099265456199646,
        0.521869421005249,
        0.546051561832428,
        0.48058050870895386,
        -0.5894602537155151
    ],
    "GEMCITABINE": [
        -0.5450044274330139,
        0.6786895394325256,
        0.527596116065979,
        0.5697798728942871,
        0.5560274124145508,
        0.597925066947937,
        0.6147086024284363,
        -0.5129939317703247
    ],
    "L778123": [
        -0.5820342302322388,
        0.5369334816932678,
        0.4525526165962219,
        0.623628556728363,
        0.5737050175666809,
        0.632014811038971,
        0.6273426413536072,
        -0.6581186652183533
    ],
    "LAPATINIB": [
        -0.6037488579750061,
        0.6438891291618347,
        0.6420502066612244,
        0.5219168066978455,
        0.5239378213882446,
        0.5879983305931091,
        0.6529442071914673,
        -0.5297284722328186
    ],
    "METFORMIN": [
        -0.5836710333824158,
        0.6442828178405762,
        0.5739904046058655,
        0.5908036828041077,
        0.5506134629249573,
        0.5074197053909302,
        0.509393036365509,
        -0.5646916031837463
    ],
    "METHOTREXATE": [
        -0.6725130081176758,
        0.6274189949035645,
        0.5945814847946167,
        0.4900296926498413,
        0.6622478365898132,
        0.43537500500679016,
        0.6150877475738525,
        -0.515467643737793
    ],
    "MITOMYCINE": [
        -0.4812362492084503,
        0.5164324641227722,
        0.6914793848991394,
        0.5180515646934509,
        0.5592285990715027,
        0.5246273279190063,
        0.7077034115791321,
        -0.4870947003364563
    ],
    "MK-2206": [
        -0.5292590260505676,
        0.5516744256019592,
        0.4793238043785095,
        0.6475315093994141,
        0.4661221504211426,
        0.5918346643447876,
        0.6796731352806091,
        -0.5917537212371826
    ],
    "MK-4541": [
        -0.4739718437194824,
        0.616114616394043,
        0.5722562670707703,
        0.5211020112037659,
        0.5934578776359558,
        0.6440955400466919,
        0.5626770257949829,
        -0.5867154598236084
    ],
    "MK-4827": [
        -0.47776368260383606,
        0.6038821339607239,
        0.6081511378288269,
        0.5628097057342529,
        0.48465728759765625,
        0.66097491979599,
        0.659534752368927,
        -0.5736358165740967
    ],
    "MK-5108": [
        -0.6545491814613342,
        0.657601535320282,
        0.5740116834640503,
        0.6242808103561401,
        0.4539920389652252,
        0.47810566425323486,
        0.5912370085716248,
        -0.5466601848602295
    ],
    "MK-8669": [
        -0.6612421274185181,
        0.5385251641273499,
        0.5597546696662903,
        0.43835869431495667,
        0.5677523612976074,
        0.6763560771942139,
        0.5564740300178528,
        -0.6140166521072388
    ],
    "MK-8776": [
        -0.6789523363113403,
        0.6567633748054504,
        0.512276828289032,
        0.6084925532341003,
        0.4992770254611969,
        0.48468533158302307,
        0.6603281497955322,
        -0.497540146112442
    ],
    "MRK-003": [
        -0.4526749849319458,
        0.6146625280380249,
        0.5479514002799988,
        0.6216263771057129,
        0.6360183358192444,
        0.6894301176071167,
        0.47258538007736206,
        -0.5515097379684448
    ],
    "OXALIPLATIN": [
        -0.530889093875885,
        0.5817164778709412,
        0.5142041444778442,
        0.4840700924396515,
        0.5365784764289856,
        0.7111854553222656,
        0.6380082368850708,
        -0.49953895807266235
    ],
    "PACLITAXEL": [
        -0.5016166567802429,
        0.5997853875160217,
        0.6487105488777161,
        0.6163140535354614,
        0.5827869772911072,
        0.6272849440574646,
        0.5000925064086914,
        -0.6116932034492493
    ],
    "PD325901": [
        -0.6183717250823975,
        0.6698430776596069,
        0.46560072898864746,
        0.5147898197174072,
        0.6291415691375732,
        0.6166031360626221,
        0.5072696208953857,
        -0.6094821095466614
    ],
    "SN-38": [
        -0.5953285694122314,
        0.6543394923210144,
        0.5615701079368591,
        0.6279396414756775,
        0.4419698119163513,
        0.47819754481315613,
        0.6426897048950195,
        -0.6122826337814331
    ],