{
    "5-FU": [
        0.40307027101516724,
        0.3906092345714569,
        0.4135332703590393,
        -0.448623925447464,
        -0.3977961838245392,
        -0.4138510823249817,
        -0.39065438508987427,
        -0.42340928316116333,
        -0.3733489215373993,
        -0.3969896733760834,
        -0.44315633177757263,
        -0.49231526255607605,
        0.4139988422393799,
        0.4818880259990692,
        -0.4137328863143921,
        0.4014510214328766
    ],
    "ABT-888": [
        0.4558640718460083,
        0.429874986410141,
        0.47095438838005066,
        -0.4038563072681427,
        -0.41430604457855225,
        -0.42625024914741516,
        -0.38493260741233826,
        -0.40246450901031494,
        -0.36344537138938904,
        -0.4205975830554962,
        -0.4177298843860626,
        -0.3871254026889801,
        0.4504910111427307,
        0.3732285797595978,
        -0.39531803131103516,
        0.37503954768180847
    ],
    "AZD1775": [
        0.46457362174987793,
        0.43096765875816345,
        0.4395287036895752,
        -0.4153175950050354,
        -0.41018128395080566,
        -0.40659183263778687,
        -0.45782533288002014,
        -0.466164231300354,
        -0.4630242586135864,
        -0.3799130916595459,
        -0.43862590193748474,
        -0.36434879899024963,
        0.35763826966285706,
        0.4421605169773102,
        -0.4623364210128784,
        0.35683801770210266
    ],
    "BEZ-235": [
        0.4787193238735199,
        0.41365569829940796,
        0.42206284403800964,
        -0.4788553714752197,
        -0.3783552348613739,
        -0.43704038858413696,
        -0.3788307309150696,
        -0.42123955488204956,
        -0.48497453331947327,
        -0.41292351484298706,
        -0.4371110498905182,
        -0.4794754981994629,
        0.37591513991355896,
        0.4154057502746582,
        -0.3750796318054199,
        0.45803481340408325
    ],
    "BORTEZOMIB": [
        0.4250492751598358,
        0.3701607584953308,
        0.46914467215538025,
        -0.43914785981178284,
        -0.45745572447776794,
        -0.3918987810611725,
        -0.46213945746421814,
        -0.3910456895828247,
        -0.41910165548324585,
        -0.45922648906707764,
        -0.37332916259765625,
        -0.3899964392185211,
        0.40113070607185364,
        0.4788452982902527,
        -0.42368608713150024,
        0.39275017380714417
    ],
    "CARBOPLATIN": [
        0.34469693899154663,
        0.41283854842185974,
        0.33352771401405334,
        -0.3793080151081085,
        -0.3680078387260437,
        -0.4306134283542633,
        -0.3368944823741913,
        -0.37520039081573486,
        -0.42687058448791504,
        -0.4491020143032074,
        -0.42408761382102966,
        -0.4057982265949249,
        0.4025503993034363,
        0.4411962032318115,
        -0.41519808769226074,
        0.4250556528568268
    ],
    "CYCLOPHOSPHAMIDE": [
        0.4308379292488098,
        0.37871992588043213,
        0.3977147042751312,
        -0.45910847187042236,
        -0.44644901156425476,
        -0.4222368597984314,
        -0.453597754240036,
        -0.43548646569252014,
        -0.47778770327568054,
        -0.3921997547149658,
        -0.46373313665390015,
        -0.4119023382663727,
        0.44157344102859497,
        0.40797993540763855,
        -0.379077672958374,
        0.41804981231689453
    ],
    "DASATINIB": [
        0.4305397570133209,
        0.4344007670879364,
        0.4562155306339264,
        -0.4531189799308777,
        -0.44337016344070435,
        -0.40540918707847595,
        -0.36052632331848145,
        -0.380501389503479,
        -0.4549943804740906,
        -0.4414668679237366,
        -0.4242495596408844,
        -0.37490636110305786,
        0.4461916983127594,
        0.4511342942714691,
        -0.4746991693973541,
        0.4062880575656891
    ],
    "DEXAMETHASONE": [
        0.3775561451911926,
        0.42019766569137573,
        0.46899470686912537,
        -0.4334371089935303,
        -0.4660157263278961,
        -0.43673983216285706,
        -0.4535731375217438,
        -0.3507631719112396,
        -0.3992006182670593,
        -0.4515702426433563,
        -0.43755656480789185,
        -0.3802584111690521,
        0.4076974093914032,
        0.39728236198425293,
        -0.38049495220184326,
        0.36783379316329956
    ],
    "DINACICLIB": [
        0.47375428676605225,
        0.47801679372787476,
        0.39647364616394043,
        -0.48623302578926086,
        -0.4948946237564087,
        -0.47437402606010437,
        -0.4198129177093506,
        -0.4182279706001282,
        -0.38901540637016296,
        -0.38235926628112793,
        -0.36257025599479675,
        -0.4116629660129547,
        0.4692607522010803,
        0.42180484533309937,
        -0.37301748991012573,
        0.3686921298503876
    ],
    "DOXORUBICIN": [
        0.43270188570022583,
        0.4419892728328705,
        0.38600045442581177,
        -0.4334042966365814,
        -0.3913697898387909,
        -0.46004924178123474,
        -0.42465412616729736,
        -0.4070865213871002,
        -0.4056074321269989,
        -0.4580579996109009,
        -0.43697071075439453,
        -0.3908351957798004,
        0.36921146512031555,
        0.3725457787513733,
        -0.468941330909729,
        0.44824695587158203
    ],
    "ERLOTINIB": [
        0.4137064218521118,
        0.3745698928833008,
        0.48716989159584045,
        -0.430683970451355,
        -0.4226070046424866,
        -0.38559263944625854,
        -0.4427646994590759,
        -0.45180031657218933,
        -0.45394644141197205,
        -0.4813622534275055,
        -0.37123143672943115,
        -0.4011278748512268,
        0.462051659822464,
        0.4401227533817291,
        -0.4680041968822479,
        0.37754932045936584
    ],
    "ETOPOSIDE": [
        0.45929527282714844,
        0.40810269117355347,
        0.4462379813194275,
        -0.38954105973243713,
        -0.37395673990249634,
        -0.3750334084033966,
        -0.42598360776901245,
        -0.46088936924934387,
        -0.4569013714790344,
        -0.41668668389320374,
        -0.4022372364997864,
        -0.41973546147346497,
        0.46212759613990784,
        0.4036237597465515,
        -0.44190478324890137,
        0.44798728823661804
    ],
    "GELDANAMYCIN": [
        0.46853235363960266,
        0.45750340819358826,
        0.37862613797187805,
        -0.38057786226272583,
        -0.36200979351997375,
        -0.45606374740600586,
        -0.4216063320636749,
        -0.3848385810852051,
        -0.4528839886188507,
        -0.42921343445777893,
        -0.4748997092247009,
        -0.4363194704055786,
        0.42853450775146484,
        0.3721482753753662,
        -0.42513754963874817,
        0.4611630141735077
    ],
    "GEMCITABINE": [
        0.4586435854434967,
        0.461213082075119,
        0.37882763147354126,
        -0.4645073115825653,
        -0.3686419725418091,
        -0.375614732503891,
        -0.4450152516365051,
        -0.4026769995689392,
        -0.4552920162677765,
        -0.3659694194793701,
        -0.37737205624580383,
        -0.35506609082221985,
        0.4249342679977417,
        0.45300909876823425,
        -0.43361616134643555,
        0.44564029574394226
    ],
    "L778123": [
        0.4531790018081665,
        0.4395143389701843,
        0.438732385635376,
        -0.3897687792778015,
        -0.42703983187675476,
        -0.4509069323539734,
        -0.4137497544288635,
        -0.3950652480125427,
        -0.4402954578399658,
        -0.4295226037502289,
        -0.40777209401130676,
        -0.4039326310157776,
        0.3771935701370239,
        0.49023425579071045,
        -0.4126928746700287,
        0.49318429827690125
    ],