{
    "5-FU": [
        0.705101490020752,
        0.7949064373970032,
        0.6928398609161377,
        0.775417149066925,
        -0.5355826616287231,
        0.6572377681732178,
        0.6630553603172302,
        -0.48004353046417236
    ],
    "ABT-888": [
        0.7307077646255493,
        0.6247935891151428,
        0.5124054551124573,
        0.5030096769332886,
        -0.7046951055526733,
        0.7032352089881897,
        0.7187708020210266,
        -0.5803154110908508
    ],
    "AZD1775": [
        0.7124663591384888,
        0.6187798380851746,
        0.6910683512687683,
        0.5553625822067261,
        -0.7067837119102478,
        0.5529608726501465,
        0.6133444309234619,
        -0.6841035485267639
    ],
    "BEZ-235": [
        0.7292248010635376,
        0.6804090738296509,
        0.6084102988243103,
        0.6825524568557739,
        -0.8219945430755615,
        0.6500418186187744,
        0.5315502285957336,
        -0.514234721660614
    ],
    "BORTEZOMIB": [
        0.5838904976844788,
        0.6494290828704834,
        0.7121726274490356,
        0.6137610077857971,
        -0.7116193175315857,
        0.7703202366828918,
        0.6178985238075256,
        -0.5601913928985596
    ],
    "CARBOPLATIN": [
        0.6328883171081543,
        0.6391119360923767,
        0.6513636112213135,
        0.451476126909256,
        -0.5020628571510315,
        0.5310704112052917,
        0.8282254338264465,
        -0.322069376707077
    ],
    "CYCLOPHOSPHAMIDE": [
        0.505129337310791,
        0.6051101088523865,
        0.7208696603775024,
        0.5753705501556396,
        -0.6251939535140991,
        0.7101452946662903,
        0.5904191732406616,
        -0.6207823157310486
    ],
    "DASATINIB": [
        0.6399779915809631,
        0.6398630738258362,
        0.6869099140167236,
        0.6923011541366577,
        -0.7283391952514648,
        0.7135738134384155,
        0.4040270447731018,
        -0.7490217685699463
    ],
    "DEXAMETHASONE": [
        0.48702719807624817,
        0.7182888984680176,
        0.48346662521362305,
        0.7304344773292542,
        -0.5230807065963745,
        0.5822139382362366,
        0.7368170022964478,
        -0.5548774003982544
    ],
    "DINACICLIB": [
        0.7905552387237549,
        0.5500507354736328,
        0.5969654321670532,
        0.563269853591919,
        -0.7743532657623291,
        0.7981423735618591,
        0.5389567613601685,
        -0.6792290806770325
    ],
    "DOXORUBICIN": [
        0.5485085248947144,
        0.7784032821655273,
        0.6128674149513245,
        0.5848672389984131,
        -0.5856122374534607,
        0.5485236048698425,
        0.7664759755134583,
        -0.5860462188720703
    ],
    "ERLOTINIB": [
        0.6592446565628052,
        0.6905376315116882,
        0.6823242902755737,
        0.7247484922409058,
        -0.7853493690490723,
        0.6659418344497681,
        0.4680652320384979,
        -0.6054909825325012
    ],
    "ETOPOSIDE": [
        0.666220486164093,
        0.6296243667602539,
        0.616885244846344,
        0.6337888836860657,
        -0.7724610567092896,
        0.5433239340782166,
        0.6771802306175232,
        -0.6242397427558899
    ],
    "GELDANAMYCIN": [
        0.747728705406189,
        0.8053169250488281,
        0.6007618308067322,
        0.7263599038124084,
        -0.5409789681434631,
        0.6288915276527405,
        0.6082573533058167,
        -0.5042425990104675
    ],
    "GEMCITABINE": [
        0.7360072731971741,
        0.6633573174476624,
        0.49594300985336304,
        0.6524183750152588,
        -0.5391265153884888,
        0.5530704259872437,
        0.8197788596153259,
        -0.5885871648788452
    ],
    "L778123": [
        0.6412227749824524,
        0.501025915145874,
        0.6951562762260437,
        0.5652671456336975,
        -0.6885600090026855,
        0.8259193301200867,
        0.5583139657974243,
        -0.8437421321868896
    ],
    "LAPATINIB": [
        0.7607274055480957,
        0.45211541652679443,
        0.7561094760894775,
        0.5673789978027344,
        -0.7867310643196106,
        0.777090847492218,
        0.48423299193382263,
        -0.7304497957229614
    ],
    "METFORMIN": [
        0.4415052533149719,
        0.9764065742492676,
        0.6176328063011169,
        0.6532720327377319,
        -0.4701235592365265,
        0.4249435067176819,
        0.989439845085144,
        -0.557981014251709
    ],
    "METHOTREXATE": [
        0.7672968506813049,
        0.7342256903648376,
        0.7361236810684204,
        0.6334283947944641,
        -0.6786098480224609,
        0.6263511180877686,
        0.567746639251709,
        -0.529364287853241
    ],
    "MITOMYCINE": [
        0.43297603726387024,
        0.8616085648536682,
        0.6125578284263611,
        0.6746410727500916,
        -0.6061190366744995,
        0.37948113679885864,
        0.84598708152771,
        -0.5635141730308533
    ],
    "MK-2206": [
        0.6406146883964539,
        0.6699536442756653,
        0.6672547459602356,
        0.4692875146865845,
        -0.7864307165145874,
        0.8213499784469604,
        0.5435929894447327,
        -0.6532425284385681
    ],
    "MK-4541": [
        0.4198414385318756,
        0.7166521549224854,
        0.6782640218734741,
        0.5940477848052979,
        -0.5999360084533691,
        0.4851127862930298,
        0.8101951479911804,
        -0.6769093871116638
    ],
    "MK-4827": [
        0.7733712196350098,
        0.569121241569519,
        0.6106138229370117,
        0.5571991205215454,
        -0.8234682083129883,
        0.6890049576759338,
        0.5139665007591248,
        -0.8225295543670654
    ],
    "MK-5108": [
        0.5279899835586548,
        0.5998290181159973,
        0.7581993937492371,
        0.7133387923240662,
        -0.5590678453445435,
        0.8135815262794495,
        0.5339915156364441,
        -0.718181848526001
    ],
    "MK-8669": [
        0.5827673077583313,
        0.7037925720214844,
        0.5412787199020386,
        0.7370375990867615,
        -0.5184906721115112,
        0.5529916286468506,
        0.7799072861671448,
        -0.6792839169502258
    ],
    "MK-8776": [
        0.7863526940345764,
        0.5596091747283936,
        0.8070650696754456,
        0.6871294379234314,
        -0.6841230988502502,
        0.5883498787879944,
        0.5623980164527893,
        -0.542288064956665
    ],
    "MRK-003": [
        0.6644842028617859,
        0.37506386637687683,
        0.42294028401374817,
        0.6850748658180237,
        -0.556785523891449,
        0.6731586456298828,
        0.7544611096382141,
        -0.829616129398346
    ],
    "OXALIPLATIN": [
        0.6165170669555664,
        0.7203176021575928,
        0.6406949758529663,
        0.5898647308349609,
        -0.5330588817596436,
        0.6138965487480164,
        0.7449284791946411,
        -0.6181687116622925
    ],
    "PACLITAXEL": [
        0.5537536144256592,
        0.5715574622154236,
        0.5805620551109314,
        0.7263237237930298,
        -0.5387678146362305,
        0.5883649587631226,
        0.816531777381897,
        -0.6264679431915283
    ],
    "PD325901": [
        0.6842694282531738,
        0.7768638134002686,
        0.7423506379127502,
        0.4964717924594879,
        -0.6980628371238708,
        0.6678697466850281,
        0.5963759422302246,
        -0.5423773527145386
    ],
    "SN-38": [
        0.6644667983055115,
        0.6879585981369019,
        0.5967127680778503,
        0.6220302581787109,
        -0.6814936995506287,
        0.6352490782737732,
        0.6150965690612793,
        -0.5940817594528198
    ],