{
    "5-FU": [
        0.3852751851081848,
        0.3652496337890625,
        -0.3793339729309082,
        -0.29646509885787964,
        -0.3756110966205597,
        -0.3287361264228821,
        -0.4035661518573761,
        -0.380475252866745,
        -0.33419564366340637,
        0.33504369854927063,
        -0.383817195892334,
        0.38431552052497864,
        0.3226398229598999,
        -0.3493933081626892,
        0.3317093253135681,
        0.3010653555393219
    ],
    "ABT-888": [
        0.37117940187454224,
        0.3604370951652527,
        -0.3076137900352478,
        -0.38550642132759094,
        -0.3850029706954956,
        -0.30155810713768005,
        -0.33311304450035095,
        -0.3733743727207184,
        -0.33351776003837585,
        0.3193560540676117,
        -0.41688433289527893,
        0.3690698742866516,
        0.3179308772087097,
        -0.3864380121231079,
        0.3858225643634796,
        0.3230434060096741
    ],
    "AZD1775": [
        0.3553214967250824,
        0.37080302834510803,
        -0.3956875205039978,
        -0.39870691299438477,
        -0.3867611587047577,
        -0.3026985824108124,
        -0.37243279814720154,
        -0.3344968855381012,
        -0.31681543588638306,
        0.34525981545448303,
        -0.395121306180954,
        0.34316956996917725,
        0.40125104784965515,
        -0.35075294971466064,
        0.37111982703208923,
        0.3004249930381775
    ],
    "BEZ-235": [
        0.3846997320652008,
        0.3663530647754669,
        -0.30137717723846436,
        -0.3155651390552521,
        -0.3242107331752777,
        -0.38785699009895325,
        -0.4016897976398468,
        -0.3113948106765747,
        -0.37258803844451904,
        0.3151135742664337,
        -0.2588103711605072,
        0.30565229058265686,
        0.33605074882507324,
        -0.38264256715774536,
        0.3333371579647064,
        0.36061525344848633
    ],
    "BORTEZOMIB": [
        0.2866213321685791,
        0.3243703544139862,
        -0.29083767533302307,
        -0.31368762254714966,
        -0.3377547264099121,
        -0.31920936703681946,
        -0.37760671973228455,
        -0.36728206276893616,
        -0.3327776789665222,
        0.30953332781791687,
        -0.293157160282135,
        0.37482011318206787,
        0.32873284816741943,
        -0.3695872128009796,
        0.35925644636154175,
        0.3247043192386627
    ],
    "CARBOPLATIN": [
        0.40075019001960754,
        0.35234206914901733,
        -0.29060062766075134,
        -0.3257988393306732,
        -0.35828331112861633,
        -0.29184848070144653,
        -0.33143851161003113,
        -0.3660542666912079,
        -0.372355192899704,
        0.40572884678840637,
        -0.37956544756889343,
        0.3938164710998535,
        0.3664441704750061,
        -0.2973423898220062,
        0.38389530777931213,
        0.3015960156917572
    ],
    "CYCLOPHOSPHAMIDE": [
        0.3101847171783447,
        0.332619309425354,
        -0.3208249807357788,
        -0.34077703952789307,
        -0.35039272904396057,
        -0.3466399908065796,
        -0.3457818627357483,
        -0.3975156247615814,
        -0.2986283600330353,
        0.36616307497024536,
        -0.3466966450214386,
        0.3941102921962738,
        0.3184303045272827,
        -0.3524525463581085,
        0.3674198091030121,
        0.37986069917678833
    ],
    "DASATINIB": [
        0.3390331566333771,
        0.39784306287765503,
        -0.32378652691841125,
        -0.3809785842895508,
        -0.34902065992355347,
        -0.35197266936302185,
        -0.33943381905555725,
        -0.3599470555782318,
        -0.3481144607067108,
        0.3740217685699463,
        -0.29471418261528015,
        0.3117225766181946,
        0.3681658208370209,
        -0.3496192991733551,
        0.3854862451553345,
        0.33477693796157837
    ],
    "DEXAMETHASONE": [
        0.3588893413543701,
        0.39528289437294006,
        -0.3909027874469757,
        -0.38247600197792053,
        -0.39598700404167175,
        -0.39648595452308655,
        -0.36122065782546997,
        -0.33847102522850037,
        -0.3954756557941437,
        0.3342362940311432,
        -0.3945153057575226,
        0.3654937148094177,
        0.3781391680240631,
        -0.3497227728366852,
        0.3752109110355377,
        0.3114446997642517
    ],
    "DINACICLIB": [
        0.39362215995788574,
        0.3396507501602173,
        -0.30939945578575134,
        -0.37736085057258606,
        -0.3549615144729614,
        -0.35326024889945984,
        -0.39465466141700745,
        -0.3677612543106079,
        -0.3662840723991394,
        0.35418155789375305,
        -0.3853343427181244,
        0.39878255128860474,
        0.3239133656024933,
        -0.3138989210128784,
        0.36229491233825684,
        0.4007510840892792
    ],
    "DOXORUBICIN": [
        0.40471357107162476,
        0.36406147480010986,
        -0.36534154415130615,
        -0.3262435793876648,
        -0.3370426893234253,
        -0.34253618121147156,
        -0.401350200176239,
        -0.4014732539653778,
        -0.2991040050983429,
        0.3564113676548004,
        -0.3057480752468109,
        0.2841413617134094,
        0.3845330774784088,
        -0.345974326133728,
        0.3976086378097534,
        0.2915385365486145
    ],
    "ERLOTINIB": [
        0.3532896041870117,
        0.325763076543808,
        -0.3697443902492523,
        -0.33197805285453796,
        -0.3046022653579712,
        -0.33354124426841736,
        -0.36514630913734436,
        -0.33130592107772827,
        -0.37679195404052734,
        0.31606748700141907,
        -0.35983455181121826,
        0.29204514622688293,
        0.38065090775489807,
        -0.33967453241348267,
        0.384931743144989,
        0.2884860038757324
    ],
    "ETOPOSIDE": [
        0.37963083386421204,
        0.29837629199028015,
        -0.2960044741630554,
        -0.3996778428554535,
        -0.3387206196784973,
        -0.3863535225391388,
        -0.3326394557952881,
        -0.3555740416049957,
        -0.4071565866470337,
        0.3716404438018799,
        -0.2929482161998749,
        0.4033169746398926,
        0.3408980667591095,
        -0.3184039294719696,
        0.29094329476356506,
        0.39136454463005066
    ],
    "GELDANAMYCIN": [
        0.358659952878952,
        0.3924494683742523,
        -0.3354606628417969,
        -0.3267403542995453,
        -0.3652442693710327,
        -0.3080252408981323,
        -0.3859313428401947,
        -0.28650447726249695,
        -0.39154142141342163,
        0.3803081512451172,
        -0.2302226722240448,
        0.34893420338630676,
        0.3130040764808655,
        -0.39525121450424194,
        0.4053689241409302,
        0.3392968475818634
    ],
    "GEMCITABINE": [
        0.3983445465564728,
        0.32928192615509033,
        -0.35529670119285583,
        -0.39223989844322205,
        -0.3127804696559906,
        -0.3997042179107666,
        -0.35936543345451355,
        -0.3740997314453125,
        -0.320235937833786,
        0.36539900302886963,
        -0.42097988724708557,
        0.343826562166214,
        0.3252306282520294,
        -0.3185493052005768,
        0.2869989275932312,
        0.3425852954387665
    ],
    "L778123": [
        0.39080360531806946,
        0.30049535632133484,
        -0.2908649742603302,
        -0.33477717638015747,
        -0.37884122133255005,
        -0.3065791428089142,
        -0.39504653215408325,
        -0.37574130296707153,
        -0.4055913984775543,
        0.34138140082359314,
        -0.38648027181625366,
        0.396614670753479,
        0.34626370668411255,
        -0.2955349087715149,
        0.3742401599884033,
        0.30933231115341187
    ],