{
    "5-FU": [
        -0.492506206035614,
        0.5453121662139893,
        -0.6637986898422241,
        -0.5698773860931396,
        -0.6450485587120056,
        -0.5486394762992859,
        -0.6410976648330688,
        0.6126545667648315
    ],
    "ABT-888": [
        -0.6133353114128113,
        0.6169189214706421,
        -0.539419949054718,
        -0.5292854905128479,
        -0.5888963937759399,
        -0.6626075506210327,
        -0.6825879216194153,
        0.5200639963150024
    ],
    "AZD1775": [
        -0.5066655278205872,
        0.6004419326782227,
        -0.499754935503006,
        -0.4985324442386627,
        -0.7276836633682251,
        -0.5622891187667847,
        -0.6800506711006165,
        0.531899631023407
    ],
    "BEZ-235": [
        -0.5164806842803955,
        0.5518345832824707,
        -0.6086151599884033,
        -0.6483348608016968,
        -0.6132744550704956,
        -0.6006449460983276,
        -0.6958149075508118,
        0.502760112285614
    ],
    "BORTEZOMIB": [
        -0.5352762341499329,
        0.7120116353034973,
        -0.6359933018684387,
        -0.5428104400634766,
        -0.6751430630683899,
        -0.513595700263977,
        -0.5314919948577881,
        0.517024576663971
    ],
    "CARBOPLATIN": [
        -0.533644437789917,
        0.5811324119567871,
        -0.5731003880500793,
        -0.5058778524398804,
        -0.5816516876220703,
        -0.5098846554756165,
        -0.6439046859741211,
        0.6519206762313843
    ],
    "CYCLOPHOSPHAMIDE": [
        -0.6258994936943054,
        0.5527031421661377,
        -0.5433704853057861,
        -0.538534939289093,
        -0.5998221039772034,
        -0.5988287329673767,
        -0.6717067360877991,
        0.5985739827156067
    ],
    "DASATINIB": [
        -0.6278373003005981,
        0.6403723359107971,
        -0.5569229125976562,
        -0.561477541923523,
        -0.58182692527771,
        -0.5637014508247375,
        -0.6542121767997742,
        0.5778396725654602
    ],
    "DEXAMETHASONE": [
        -0.6751248240470886,
        0.4657788574695587,
        -0.5288468599319458,
        -0.5534763932228088,
        -0.6070992350578308,
        -0.5994711518287659,
        -0.5459365844726562,
        0.6587048172950745
    ],
    "DINACICLIB": [
        -0.5834394097328186,
        0.6627660393714905,
        -0.590549647808075,
        -0.5418964624404907,
        -0.6881899833679199,
        -0.5756903290748596,
        -0.5585119128227234,
        0.5165964365005493
    ],
    "DOXORUBICIN": [
        -0.646415114402771,
        0.6495699286460876,
        -0.5660051107406616,
        -0.5413172841072083,
        -0.6336421966552734,
        -0.6224830746650696,
        -0.621432363986969,
        0.5160757303237915
    ],
    "ERLOTINIB": [
        -0.49954816699028015,
        0.5134987831115723,
        -0.640194296836853,
        -0.663829505443573,
        -0.4892561733722687,
        -0.6246833205223083,
        -0.6951107382774353,
        0.6304261088371277
    ],
    "ETOPOSIDE": [
        -0.668222188949585,
        0.6701744198799133,
        -0.6834515929222107,
        -0.5312382578849792,
        -0.5416222810745239,
        -0.5726497173309326,
        -0.5441830158233643,
        0.5378645658493042
    ],
    "GELDANAMYCIN": [
        -0.5851329565048218,
        0.6460400819778442,
        -0.5526190400123596,
        -0.5097600817680359,
        -0.5868298411369324,
        -0.5747320055961609,
        -0.47700977325439453,
        0.7148083448410034
    ],
    "GEMCITABINE": [
        -0.5995291471481323,
        0.5770009160041809,
        -0.5161284804344177,
        -0.6767382025718689,
        -0.608594536781311,
        -0.5139355063438416,
        -0.5407618880271912,
        0.5265694856643677
    ],
    "L778123": [
        -0.5660758018493652,
        0.615704357624054,
        -0.5880979299545288,
        -0.6620573401451111,
        -0.5239790678024292,
        -0.6714135408401489,
        -0.6820035576820374,
        0.5206564664840698
    ],
    "LAPATINIB": [
        -0.5783815979957581,
        0.6274181604385376,
        -0.6441401243209839,
        -0.5056914687156677,
        -0.5108267664909363,
        -0.505470335483551,
        -0.6561986804008484,
        0.6467834115028381
    ],
    "METFORMIN": [
        -0.5532801151275635,
        0.5063295960426331,
        -0.5775055885314941,
        -0.5435972809791565,
        -0.6798717975616455,
        -0.608465850353241,
        -0.5205252170562744,
        0.644392192363739
    ],
    "METHOTREXATE": [
        -0.592306911945343,
        0.5143187642097473,
        -0.5028821229934692,
        -0.6531324982643127,
        -0.6013795733451843,
        -0.5113568902015686,
        -0.6534613370895386,
        0.6170079112052917
    ],
    "MITOMYCINE": [
        -0.5224072933197021,
        0.5817767381668091,
        -0.7046187520027161,
        -0.4888181984424591,
        -0.560206413269043,
        -0.5636501312255859,
        -0.4928715229034424,
        0.6810470819473267
    ],
    "MK-2206": [
        -0.6036721467971802,
        0.49751168489456177,
        -0.49706533551216125,
        -0.680812656879425,
        -0.6564682722091675,
        -0.6779937744140625,
        -0.4926159679889679,
        0.5435088276863098
    ],
    "MK-4541": [
        -0.6398207545280457,
        0.4668233096599579,
        -0.5963157415390015,
        -0.6207237839698792,
        -0.4915846288204193,
        -0.5453035235404968,
        -0.6109761595726013,
        0.6662535667419434
    ],
    "MK-4827": [
        -0.6042255163192749,
        0.6803451776504517,
        -0.5170661211013794,
        -0.689885139465332,
        -0.6250629425048828,
        -0.4577161967754364,
        -0.6440772414207458,
        0.5680155754089355
    ],
    "MK-5108": [
        -0.6074977517127991,
        0.6684090495109558,
        -0.4943496584892273,
        -0.6201334595680237,
        -0.5353417992591858,
        -0.6785222291946411,
        -0.5714156031608582,
        0.5433598160743713
    ],
    "MK-8669": [
        -0.6352818012237549,
        0.6159063577651978,
        -0.5577120184898376,
        -0.6283770203590393,
        -0.6741875410079956,
        -0.6135228276252747,
        -0.5409342050552368,
        0.49952957034111023
    ],
    "MK-8776": [
        -0.5431777834892273,
        0.6581982970237732,
        -0.6825570464134216,
        -0.6720173954963684,
        -0.48496273159980774,
        -0.6712740659713745,
        -0.6534814238548279,
        0.44444558024406433
    ],
    "MRK-003": [
        -0.6271687150001526,
        0.6764695644378662,
        -0.6853110790252686,
        -0.5700732469558716,
        -0.5494129657745361,
        -0.6917214393615723,
        -0.4767746031284332,
        0.4496510624885559
    ],
    "OXALIPLATIN": [
        -0.524515688419342,
        0.5406182408332825,
        -0.571162760257721,
        -0.5088115930557251,
        -0.709744930267334,
        -0.6145556569099426,
        -0.5209336280822754,
        0.5930134654045105
    ],
    "PACLITAXEL": [
        -0.6031674146652222,
        0.4608352482318878,
        -0.5355628132820129,
        -0.6267285943031311,
        -0.5942631959915161,
        -0.6893756985664368,
        -0.5002706050872803,
        0.6786272525787354
    ],
    "PD325901": [
        -0.582825243473053,
        0.6683340072631836,
        -0.642950713634491,
        -0.6428643465042114,
        -0.5386325716972351,
        -0.4694691598415375,
        -0.5470685362815857,
        0.599225640296936
    ],
    "SN-38": [
        -0.57060307264328,
        0.6109182238578796,
        -0.6058215498924255,
        -0.5596067309379578,
        -0.5071263909339905,
        -0.5655902624130249,
        -0.6398360133171082,
        0.5307241678237915
    ],